University,Country,Continent,AAAI_2019,AAAI_2020,AAAI_2021,AAAI_2022,AAAI_2023,AAAI_2024,AAAI_2025,AAAI_2026,ACL_2021,ACL_2022,ACL_2023,ACL_2024,ACL_2025,ACL_2026,CVPR_2021,CVPR_2022,CVPR_2023,CVPR_2024,CVPR_2025,CVPR_2026,EMNLP_2021,EMNLP_2022,EMNLP_2023,EMNLP_2024,EMNLP_2025,ICCV_2021,ICCV_2023,ICCV_2025,ICML_2021,ICML_2022,ICML_2023,ICML_2024,ICML_2025,IJCAI_2019,IJCAI_2020,IJCAI_2021,IJCAI_2022,IJCAI_2023,IJCAI_2024,IJCAI_2025,IJCAI_2026,NEURIPS_2021,NEURIPS_2022,NEURIPS_2023,NEURIPS_2024,SIGIR_2019,SIGIR_2020,SIGIR_2021,SIGIR_2022,SIGIR_2023,SIGIR_2024,SIGIR_2025,WWW_2019,WWW_2020,WWW_2023,WWW_2024,WWW_2025
Tsinghua University,China,Asia,8.0888,9.35437,8.23119,6.60382,8.93965,11.24985,14.44495,16.05652,3.75112,3.57846,5.02885,4.22878,6.26752,7.50186,4.49347,5.19903,5.99277,6.59759,8.31398,9.22525,4.30814,5.60068,3.88537,5.94194,7.59989,4.40359,5.38391,8.86585,3.09289,4.14604,5.52254,8.37778,9.92239,8.232,6.30869,3.64451,4.19435,5.51979,5.60893,8.06245,10.32439,6.38988,9.53105,9.52446,10.42371,1.42895,6.46494,3.65714,6.15356,6.46194,4.94159,4.15538,4.65533,0.09637,4.26675,7.39123,4.40878
Carnegie Mellon University,United States,North America,7.41629,8.6578,9.49753,7.57084,8.98177,8.49583,9.59303,11.35883,3.5373,4.56891,5.72608,6.07017,7.37505,7.29214,5.30971,5.44954,5.56094,6.11469,5.69913,6.24643,4.27132,4.97746,6.22291,6.56305,8.27541,5.54212,4.71405,5.42035,7.75979,7.94494,8.53864,9.05972,10.0831,4.61159,4.39384,3.03467,3.86964,3.92665,4.36485,3.06793,4.55844,9.63545,11.5888,12.28681,11.63756,1.76601,2.80686,2.42194,3.35509,2.41718,2.08229,1.96498,3.63312,,3.03438,1.50085,1.24211
Stanford University,United States,North America,5.43577,5.99853,6.78862,5.66705,5.83511,7.57407,8.39282,10.43315,3.59589,3.98807,4.53007,6.4142,8.49469,8.87517,4.95063,5.34189,5.79061,6.87299,7.91473,7.67305,4.66488,4.33193,5.75205,6.79978,8.8693,4.44292,5.64975,7.55655,5.75353,6.79287,7.09844,10.02323,9.80129,3.61786,4.17809,2.80807,5.90984,3.9234,3.92788,5.46702,4.26632,8.37002,10.56669,10.94268,11.94317,2.10164,1.86613,1.45909,2.34094,2.7009,1.27246,2.7347,3.45215,1.24107,1.15996,2.46083,3.78091
Univ. of California - Berkeley,United States,North America,5.98503,6.66152,6.75044,5.65957,7.7916,8.16137,8.70713,10.52306,2.13785,3.08766,3.33576,4.06615,6.0912,8.76069,5.41123,5.45964,6.34461,6.53901,6.80758,7.41655,2.93627,2.84695,3.5754,4.87334,8.32767,5.52246,6.13153,6.43769,7.71753,8.8061,8.45094,9.86949,10.61158,3.89356,4.75748,3.46804,3.7334,3.81723,3.29274,5.00724,4.77685,9.18838,11.71236,10.27384,11.87105,0.06199,0.5675,1.90464,2.37393,1.87988,1.73623,2.54956,1.20363,,2.04021,1.45104,2.60846
Massachusetts Inst. of Technology,United States,North America,5.53704,6.418,8.60801,6.72618,6.12228,7.71387,7.19089,8.84231,2.60908,3.19821,3.27051,2.50751,3.16439,4.45647,6.44549,5.52301,6.02919,5.68183,5.98599,6.01242,3.52551,3.24868,3.02105,3.45914,3.24625,5.85254,5.45844,5.1981,7.47605,8.54877,8.42048,9.52428,10.21089,6.07755,3.17137,3.63009,3.22409,4.36165,2.83075,2.7638,3.3723,11.44791,12.56366,12.404,11.30872,0.50999,1.9472,1.15463,1.79656,1.33587,1.17412,1.53709,1.517,0.34528,1.13965,1.49461,1.72474
Peking University,China,Asia,4.66072,6.68509,5.5306,5.14427,6.50405,8.6174,10.47284,13.618,3.04596,2.96785,3.41211,3.16337,6.81519,7.6421,5.19689,5.65239,6.8464,8.06474,8.07401,9.6383,3.19425,4.16148,2.93764,3.95452,6.63899,3.65563,6.2123,8.07871,3.20911,2.78918,4.04119,5.63572,6.31616,3.82221,3.53131,5.07362,7.47387,3.38366,4.24192,4.29447,3.96021,4.28249,5.67749,6.6554,7.80169,0.21182,0.95716,1.30765,2.19669,0.99933,0.83044,2.20006,1.80839,0.74147,1.53518,1.87511,1.87806
Shanghai Jiao Tong University,China,Asia,1.94307,4.15089,5.48723,4.20064,4.38016,6.61638,10.90719,13.14307,2.20179,1.78447,2.39374,2.4184,3.03405,5.56824,3.31791,4.23048,4.239,6.19232,6.66019,6.56624,1.26772,1.7529,1.94092,2.94793,5.20526,3.1354,4.99177,5.84544,1.14259,0.71774,2.4516,3.74323,4.59871,2.80972,2.35621,4.10101,4.09548,2.76367,3.74809,5.99512,5.49485,2.51376,3.02694,4.18297,5.55698,0.57052,1.62955,1.93071,1.92775,1.64872,1.61883,1.62136,1.36446,,1.02458,1.83461,2.67373
Univ. of Illinois at Urbana-Champaign,United States,North America,3.35119,4.11833,4.62997,3.33329,4.5826,5.55069,6.51146,8.19784,1.66802,2.18971,2.27828,3.0816,4.79179,4.84793,3.33086,3.35785,3.41513,3.85713,3.82402,4.09172,2.76405,2.10528,2.39068,3.42739,4.55681,2.88877,2.97137,3.13772,3.06956,3.20081,3.73595,4.56803,5.87354,3.76032,2.79232,1.95459,2.69298,2.98157,2.28664,4.37111,2.26438,4.89333,5.35884,5.65388,6.19931,0.58333,0.7905,1.52886,1.20482,2.0145,1.80977,1.95606,1.80486,0.34528,1.90319,3.2309,3.5355
Nanjing University,China,Asia,4.34462,4.44075,5.45048,3.85656,5.00075,7.05812,8.6898,10.05047,0.5801,1.35356,1.46177,1.17806,2.29842,3.60843,2.43321,5.38239,5.18908,4.96066,6.3977,6.49863,1.27573,1.67585,1.69431,1.7613,3.12344,3.37952,5.01669,5.88077,1.05153,1.37013,1.72397,3.99244,4.33746,3.88408,3.15629,2.21485,2.23111,3.08147,3.9298,5.02555,3.98846,3.12188,3.09106,4.40322,4.19856,,1.20474,0.91874,1.42379,1.29687,1.04482,1.36392,1.29677,0.34528,1.25498,1.46537,1.19276
Zhejiang University,China,Asia,1.98855,3.79884,3.90036,3.3519,4.54876,7.25964,8.72568,9.66793,1.1061,1.59644,1.68328,2.46962,3.72223,4.26626,3.84578,4.0136,5.41994,5.83703,7.50523,6.81719,1.0455,1.68483,1.52399,2.9639,4.55678,2.93631,4.64131,6.98109,1.08452,0.74497,0.97251,2.34722,3.78098,2.35781,1.84208,1.54647,2.11565,2.04247,4.72312,4.81699,6.77095,2.93361,2.74668,3.34597,4.57445,0.04668,0.90377,0.39793,1.76585,1.83772,1.89167,1.37642,0.57582,0.14188,0.43614,2.06729,2.23109
Nanyang Technological University,Singapore,Asia,4.06137,3.59159,3.96235,2.53956,4.75829,5.95467,7.89092,8.49323,1.33252,1.48702,2.53095,2.33635,4.37652,3.77305,3.2801,3.37227,3.97843,4.91912,5.60581,7.07153,2.52684,2.31707,2.34021,2.71516,3.01548,2.48146,4.47434,5.23578,1.63792,1.59972,2.1236,3.63849,4.20718,3.25777,1.67174,2.92206,2.82591,2.97833,2.93134,3.14965,4.57469,2.07605,2.99037,3.69041,5.03946,0.21182,1.83061,1.61102,1.15905,2.0638,0.87874,1.51037,2.31671,0.48214,1.35328,1.37318,1.68013
University of Washington,United States,North America,3.32766,3.94265,4.59663,3.63529,3.35504,3.54988,4.3213,5.27618,2.55974,3.47933,4.35077,4.52013,4.36177,5.13154,2.18832,1.905,2.8025,3.62303,3.23195,3.58703,3.00697,3.09651,4.53346,5.45913,5.96697,2.29405,2.32201,3.43693,3.64407,3.7869,4.57647,5.29974,5.21526,2.99642,1.73335,1.0878,1.97752,1.74022,1.64831,1.73889,2.22007,5.02637,5.98547,6.28896,6.04209,0.63471,1.36717,1.37219,1.11611,1.64267,1.50296,1.83355,0.51932,0.22603,0.36369,1.12577,1.40304
New York University,United States,North America,2.63124,3.43594,2.95952,3.66939,4.41535,4.38856,4.85856,5.89523,2.52792,2.10831,3.21397,2.87034,3.13035,3.361,2.48763,2.38265,3.05232,2.48863,3.13275,3.07627,3.19909,3.67305,3.19582,2.98743,3.43938,2.93521,2.61055,3.1407,5.4511,4.62735,5.76234,6.41163,7.5211,1.17423,1.78748,1.00353,1.77065,1.72979,1.21371,1.71174,1.8303,6.33757,7.74448,7.70876,7.85791,0.21182,1.58212,1.05173,1.1376,1.20397,0.98892,1.29308,1.28271,,0.96815,0.98153,0.82497
USTC,China,Asia,2.33747,2.99059,2.83862,2.36178,4.33094,7.21832,8.86185,8.69358,0.96067,0.86668,0.98526,1.69123,2.76522,4.00139,1.98465,2.76947,3.60406,4.17338,4.145,5.33855,1.12367,1.42768,0.85746,1.44398,2.65851,1.76533,3.87558,3.8504,0.39202,0.85276,1.37836,2.0811,3.06445,3.23044,2.06763,1.28711,3.26289,2.91349,4.53872,7.39738,4.88769,1.04614,3.07032,2.87289,3.09058,0.75499,3.03545,2.85961,4.27039,5.04424,3.92135,4.91705,0.95745,0.24107,2.71488,3.85868,4.20396
Univ. of California - San Diego,United States,North America,2.89292,4.35967,3.69263,3.0122,3.97037,4.57223,4.28372,5.20009,0.7934,0.73916,1.67761,2.01159,3.18603,2.69381,2.73314,3.42456,3.15913,3.15175,3.45162,3.11127,1.64626,1.67229,2.06369,2.95137,2.95369,2.89449,3.43082,2.73488,3.12909,3.76539,3.58369,6.06003,5.22823,2.11239,0.99848,1.49271,1.07073,0.95234,3.15918,1.62965,1.65114,5.49453,6.665,5.84002,7.17791,0.21182,1.22368,0.93729,1.12433,1.28872,1.32631,1.75565,1.00774,1.25008,1.9597,2.182,1.4689
Princeton University,United States,North America,2.57693,2.86475,3.29306,2.53137,4.08948,3.1637,3.991,4.89322,0.97175,1.52421,1.60925,2.8694,4.11962,4.63493,2.01381,3.02583,2.85805,3.2794,3.71372,3.79431,1.18052,1.98895,2.30553,3.19946,4.54536,1.75083,2.3399,3.29966,3.88247,4.68894,4.60494,5.9137,6.79379,1.97689,0.80858,1.20085,0.88501,1.31446,1.415,2.89347,1.8073,5.82128,8.06662,6.59842,7.43737,0.3609,0.3483,0.37104,0.96339,0.80958,0.51389,1.11317,0.5943,0.53547,0.49263,1.05231,1.40588
Chinese Academy of Sciences,China,Asia,3.80199,4.5765,4.05164,3.26722,4.11762,4.81267,5.46038,8.35196,2.25356,1.52224,2.88226,1.56636,4.52142,4.21451,3.01988,3.00488,3.67196,2.93626,3.86741,4.75669,2.37388,2.62356,1.92388,2.26413,3.46892,2.40457,2.7856,3.5031,0.6189,0.49253,0.6486,1.04864,2.77599,1.74622,2.71621,1.57279,1.72279,2.22578,3.66913,3.8656,1.46577,1.38742,1.45813,1.9652,2.72484,0.99324,2.49496,2.696,3.16286,3.05841,2.81398,3.10591,2.2085,,1.4741,1.93453,2.39932
KAIST,South Korea,Asia,1.03793,2.89872,2.89701,2.72984,4.69773,5.24913,6.09879,8.22393,0.76708,0.70074,1.13924,1.23571,3.23725,3.22062,3.5115,4.24258,4.52012,3.68749,4.86816,4.96296,1.04459,1.16535,1.83094,1.3611,2.62531,3.08389,3.91942,4.38356,2.00132,2.65886,3.40995,3.44984,4.92457,0.92734,1.38549,1.89228,2.3276,2.80974,2.91215,2.79216,2.82289,2.9556,4.75572,4.5365,5.65323,0.2585,0.4415,0.25717,0.67696,0.34926,0.68482,1.46252,0.81765,0.34528,0.86093,1.37066,1.4716
MBZUAI,United Arab Emirates,Asia,2.20859,2.7757,2.64461,2.68455,3.50723,3.83409,4.88765,5.45829,1.52002,0.7032,1.7211,2.66882,3.78596,4.86583,2.75673,3.09563,3.82774,4.07481,4.58409,3.74638,2.09127,1.70589,2.65927,1.94783,4.30617,2.258,3.66753,3.57192,1.45372,2.04313,2.29325,3.29795,3.39893,1.71253,0.91267,1.01011,1.12062,1.62729,2.31454,3.65701,2.90232,3.80719,3.7565,3.75251,4.32353,,0.96327,0.61676,0.27404,0.57344,0.51945,0.84845,0.81239,0.76893,1.29255,0.85036,1.08506
National University of Singapore,Singapore,Asia,2.74751,3.47008,4.14633,2.37524,3.36962,3.81168,5.75355,6.82139,0.7844,1.01381,1.00826,2.35764,3.37825,4.28067,2.01834,2.53463,2.68688,3.18534,3.41835,3.53081,0.3679,1.29663,1.27653,2.23123,3.19789,1.83105,2.68369,2.90379,1.59754,1.78553,1.59357,2.38267,3.88648,2.90975,1.42337,1.96496,1.81972,0.82992,2.84635,2.61314,2.96223,2.10625,3.45094,3.16038,3.65911,0.60337,2.07419,1.47857,1.32845,0.78566,1.68746,1.85996,1.64472,0.48214,1.77593,2.06424,1.99838
Cornell University,United States,North America,3.19033,3.40579,4.34454,2.04856,3.2772,3.9276,3.61004,3.95863,1.51875,1.04375,1.93966,1.47082,1.96452,2.90516,1.4586,1.69835,2.40298,2.03635,1.92019,1.71462,1.27177,1.48324,1.43999,1.79114,1.03222,1.753,1.90749,1.73069,4.35841,3.61177,3.83582,4.39451,4.35095,2.48304,0.80975,0.81138,0.98331,1.80961,1.01251,1.77364,2.72439,4.84971,5.35559,5.4989,5.98147,0.47538,1.5149,1.59295,2.13357,1.15664,1.27267,1.01941,3.01465,0.48214,1.3906,2.01913,2.65395
HKUST,Hong Kong,Asia,2.34269,2.58703,3.29469,2.17563,4.17185,4.00286,5.41074,7.4325,1.13405,1.17833,1.1903,2.11633,2.69926,3.33746,2.64802,3.16425,3.25351,4.57802,3.92781,4.05302,1.81071,1.51599,1.65561,2.47222,3.29152,2.22488,3.98465,3.77535,0.51409,0.8765,1.29777,1.85404,3.5797,2.41546,1.41218,1.42573,2.35468,1.50627,2.94208,4.5752,1.75652,1.54332,2.11918,2.51266,3.75058,0.37298,0.65296,0.69123,1.29438,1.40569,0.82794,1.24325,1.37339,0.17515,1.43387,1.1293,2.59459
University of Toronto,Canada,North America,2.93224,3.79004,3.93274,3.27049,2.89809,3.91865,4.80267,4.72724,0.60238,0.82345,1.09251,1.4452,1.48996,2.79881,2.2193,2.30408,2.96477,2.65548,2.96025,3.18761,1.39511,1.12204,1.23677,1.76901,2.37319,1.86093,2.45393,2.82569,3.67238,3.52421,3.97461,4.04675,3.96035,3.12593,1.8037,1.3728,2.04026,2.19814,1.88179,1.68787,1.69305,3.86809,5.08228,5.17653,5.76425,,0.63629,0.68314,0.8465,0.82832,0.45163,0.97586,1.0752,0.53547,0.46427,0.73432,1.28197
Chinese University of Hong Kong,Hong Kong,Asia,3.07368,3.25397,3.53638,3.54972,3.95004,4.70171,5.2065,5.82994,1.06984,0.78358,0.58963,0.92554,2.09359,2.37062,4.20319,4.36336,3.99362,3.96976,3.93727,3.95668,1.34697,1.07534,0.95964,1.14137,2.5988,4.05742,4.20333,3.91786,1.31835,1.99797,1.33019,2.20592,3.21752,3.42926,1.92918,1.09577,1.03029,1.90745,2.37171,2.22952,2.10438,2.65185,3.21205,3.67225,4.10891,0.32629,0.72994,0.8722,0.51244,0.68397,0.62251,0.36389,1.30602,,0.42428,0.84394,1.99283
Renmin University of China,China,Asia,1.07954,1.87404,1.77543,1.40396,2.26905,3.26865,4.61413,5.52202,1.28839,1.0928,2.31049,2.09553,3.69318,4.34763,0.43533,0.93253,1.36742,1.68251,1.75643,2.87993,1.18795,1.66181,1.74775,3.15823,3.66824,0.51155,1.02876,2.08856,0.24129,0.73881,1.15902,1.81436,3.03165,1.56332,0.81088,1.45878,1.13633,0.8322,3.72595,3.69031,3.84437,1.00612,1.46472,2.06635,3.08474,0.4287,2.41055,2.73884,2.48561,3.03702,3.02451,4.73277,1.21146,0.39497,1.95577,3.6547,3.04896
Fudan University,China,Asia,1.59274,2.67109,2.93835,2.03872,4.19933,3.56735,4.39082,5.42351,1.7653,1.64673,2.4942,1.79905,3.20477,3.07883,2.11491,2.48995,2.46411,2.87746,3.35159,3.75623,2.12324,2.78498,2.29638,2.31769,2.53448,1.98181,2.57767,3.0562,0.29954,0.86335,1.0017,1.71246,1.84971,3.33443,3.51587,1.74064,2.12971,2.35159,1.78279,2.20041,0.34938,1.13855,1.59419,1.7133,3.11268,,1.03712,0.63749,1.26801,1.06331,0.76137,0.50263,1.53484,,0.80847,1.244,1.32726
Harbin Institute of Technology,China,Asia,1.99088,3.19976,2.52202,1.89335,3.67408,4.01414,4.45267,6.65946,3.13757,2.1995,2.99247,2.16183,3.40747,3.60279,1.81759,1.47148,1.60875,2.32231,3.1337,4.28025,2.76404,3.39194,3.21206,2.49439,3.20568,1.20406,1.65732,2.37235,0.35804,0.5572,0.31008,0.67153,1.50928,3.74841,1.85939,0.21262,2.29837,1.63402,2.64874,3.09049,3.04035,0.5088,0.59189,1.01437,1.82029,0.53811,1.30425,1.51097,1.11556,1.21081,1.22133,1.07093,1.65576,,0.50262,0.95012,0.51126
Univ. of Maryland - College Park,United States,North America,2.00153,3.13823,2.78971,2.58269,2.71719,2.93037,3.62208,4.20439,1.3084,1.21297,1.70834,2.0775,3.18199,3.43628,2.17642,2.49979,2.66422,3.36571,2.91592,3.09474,1.5071,1.50678,1.57969,2.34043,3.16867,2.18251,2.07539,3.43714,1.09819,2.14384,2.0688,3.26333,2.67254,1.75105,1.23009,0.5254,0.89085,1.27388,1.1996,3.50631,0.82394,2.34774,3.61288,3.81045,3.61943,0.2738,1.24512,0.67087,0.2755,0.7497,0.6278,1.00417,0.95108,0.09637,0.41729,0.72936,1.08095
Technion,Israel,Europe,3.49561,3.49209,3.20053,3.02975,3.6598,3.98073,3.45534,3.70908,0.44492,0.50346,0.74187,0.49253,1.13209,1.1862,1.95209,1.55872,1.99154,1.84044,1.73016,1.76278,0.77886,0.71835,0.81813,0.90006,1.53459,1.74524,1.65559,1.27972,3.92545,4.04027,4.42466,4.51804,4.69946,1.10963,1.27544,1.16693,1.44782,1.14828,1.36393,1.32395,2.51242,5.55376,3.97807,6.27806,5.92943,0.32629,0.65865,0.47202,0.76326,0.4128,0.24553,0.91782,1.14456,,0.68189,0.87935,0.92393
Tel Aviv University,Israel,Europe,1.3164,1.63061,2.43743,2.7625,1.86772,2.60009,3.00677,2.68363,1.57349,2.06056,2.31228,2.57126,3.13974,2.48375,0.94313,1.54319,2.07791,2.68012,2.6283,2.62672,1.88097,2.13449,2.3706,2.86697,3.1348,0.92053,2.33908,2.07037,2.6364,2.92155,2.95473,4.59945,4.95014,0.84227,1.06276,2.27944,1.03998,0.40973,1.13835,2.0181,1.21905,4.18142,4.314,4.96294,5.05186,,0.44797,0.42494,0.41757,0.6863,0.63592,0.36765,0.82978,,0.19732,0.77956,0.78448
Columbia University,United States,North America,2.68613,3.08656,4.12614,2.75191,2.70497,3.19333,3.30394,3.30011,1.30904,1.46104,1.85961,1.275,1.68285,1.23811,1.22231,1.32081,1.75812,1.98837,1.93963,1.928,1.80736,1.84384,2.05488,1.9007,2.5106,1.92949,1.38711,1.86168,2.87272,3.61876,3.05333,3.44397,3.67194,2.36278,1.13847,1.0735,1.57322,0.59115,1.57983,1.14921,1.45968,3.09133,4.70043,5.13321,4.90782,,0.70369,0.66422,0.4019,0.56251,0.62928,0.82974,1.26115,1.07633,1.51801,1.0042,1.12624
Georgia Institute of Technology,United States,North America,2.02193,2.3539,2.35524,2.28769,3.38466,4.21884,4.91488,4.17943,0.80972,0.73229,1.27314,1.9523,2.0057,2.09272,2.22722,2.17747,2.72774,2.65502,2.8159,2.63742,1.57182,1.29945,1.82225,1.2315,2.46099,1.50108,1.9592,2.53248,1.4025,1.64345,2.00392,3.35387,3.67753,1.02412,1.48919,1.0903,1.40843,1.09047,1.52607,1.80857,1.37716,3.92467,4.2871,4.28405,5.05011,,0.39833,0.41958,0.58318,0.89796,0.36603,0.92125,1.04122,,1.36886,1.3571,1.17558
University of Hong Kong,Hong Kong,Asia,1.00724,1.97887,2.9935,1.76568,2.81892,3.73096,4.79148,6.05692,0.48498,0.44616,0.74081,0.97591,1.82593,2.81092,3.07506,3.24909,3.4168,4.10432,4.33644,4.78023,0.60354,0.68636,1.19441,1.27838,2.40947,2.8238,3.81721,4.75474,1.50852,1.15641,1.72724,2.17628,2.74085,0.86503,0.44642,0.89061,1.32905,1.35106,1.90625,2.55891,2.96925,1.96677,3.26758,3.20538,4.20405,0.21182,0.0509,0.378,0.23134,0.48306,0.80817,0.98191,0.06136,,0.68851,0.37849,1.08778
University of Pennsylvania,United States,North America,1.89468,2.77783,2.89242,2.60149,2.84408,2.33082,3.72837,3.28856,1.6918,1.42076,1.43182,1.43831,1.87614,2.17874,1.69391,2.06129,2.42419,2.87838,2.52522,2.99918,1.71663,1.09863,1.81639,1.4607,1.96558,2.09127,2.74478,2.54697,3.68495,3.47035,3.51201,4.37163,4.10239,1.2859,0.31763,0.67848,0.77469,0.97036,0.55863,1.7057,1.28427,4.11502,5.24756,5.19568,4.86967,,0.25117,0.08636,0.11816,0.18636,0.49363,0.17901,0.81374,0.01,0.33109,0.48591,0.28822
University of Edinburgh,United Kingdom,Europe,2.93405,3.03466,3.00018,2.72058,2.60962,2.69625,2.61914,3.27166,2.81838,2.96204,2.68487,1.65624,2.11682,2.07592,1.46307,2.00635,1.75768,1.57312,1.58166,1.69781,2.82621,2.86758,2.29264,2.9234,2.76214,1.64445,1.8144,1.35366,1.63592,1.76049,2.59534,2.34383,3.0737,1.7608,1.84009,1.3794,2.05069,0.39992,1.0303,0.78541,0.47772,2.61161,3.93053,3.3359,3.17047,,1.20479,1.06827,1.36345,1.1587,0.82911,0.84736,1.13339,0.34528,1.50569,0.69289,1.19194
Johns Hopkins University,United States,North America,2.01458,2.92462,2.64068,1.99876,1.82218,2.9577,2.54225,3.54694,2.34975,1.99003,2.5948,2.32727,2.41534,3.50696,1.55317,1.27444,1.57337,2.13521,2.20357,2.51867,2.08864,2.36797,2.59188,2.86238,2.45059,1.19885,1.80069,1.98851,1.72854,1.93553,2.45097,3.72164,3.21572,0.83164,0.41147,0.5465,0.6419,1.66591,1.07896,1.04796,0.32525,2.53344,4.00067,3.9724,4.00806,,0.5675,0.39579,0.34804,0.43319,0.30131,0.7094,1.01614,,0.99895,1.02414,0.33191
University of Southern California,United States,North America,1.66472,2.92946,2.69207,3.61627,2.70325,3.5381,3.67453,3.2803,1.44969,1.30327,2.45868,1.51694,2.65052,2.21024,1.23045,0.71887,1.13213,1.10251,1.0223,1.94643,1.87932,2.33244,1.8169,2.11926,1.59892,1.55132,1.32623,1.24773,2.22,1.65817,2.58495,3.12021,2.88788,2.25206,0.83106,2.2627,2.14721,1.29882,1.85201,2.12635,1.98315,2.76772,4.05254,3.5538,3.57364,0.14909,,0.37594,0.67544,0.72237,0.23591,0.12714,0.66319,,0.73064,0.94571,1.89621
University of Texas at Austin,United States,North America,2.50825,2.50646,2.79346,2.30254,2.17206,2.72387,2.75098,3.7814,0.34902,0.55473,0.94248,1.25846,1.72412,2.35164,1.43593,1.8755,1.70572,2.47525,2.78052,3.31877,0.8478,1.02831,1.11131,1.5206,2.28821,1.83135,1.52949,3.08102,2.82588,2.48956,2.74197,3.06335,3.19,1.20734,0.89627,0.99681,1.58475,0.33449,2.02906,1.70628,1.8776,3.57112,3.38941,4.61333,4.53433,0.14909,0.34579,0.1362,0.04669,0.09739,0.42676,0.24803,0.41697,0.91273,0.493,0.34555,0.2356
University of Wisconsin - Madison,United States,North America,2.30669,2.27615,2.2118,1.23985,2.28242,2.9935,3.13109,3.657,0.69925,0.40135,1.00238,0.98805,1.27134,1.47053,1.59378,1.32104,1.78544,1.93262,2.3881,2.18601,0.81464,0.44617,0.70578,1.79588,1.24459,1.30979,2.12741,2.60693,3.8209,4.76394,3.38383,4.70705,4.0066,0.69015,0.2492,0.09231,0.44663,0.66525,0.57876,1.42729,0.50855,4.61706,5.34687,5.58181,6.32727,,0.60612,0.1429,0.08283,0.26096,0.19585,,0.22511,,0.503,0.92189,0.85192
University of Oxford,United Kingdom,Europe,2.25967,3.19817,3.64419,2.83956,3.57992,4.15838,4.84332,4.13163,0.19454,0.36169,0.47109,0.35248,0.78934,1.038,1.8376,1.93959,1.84524,1.66967,1.73294,2.08399,0.63013,0.35151,0.26911,0.7835,0.6265,1.56863,1.42253,1.48489,2.22182,2.44363,2.06396,3.11813,2.55985,3.05635,1.23502,1.8304,2.24936,1.47181,2.11099,2.28938,3.21108,2.44965,3.71606,4.11521,3.35208,0.32629,0.09984,0.33792,0.31109,0.18386,,0.14204,0.77471,,0.61145,0.79469,1.40813
EPFL,Switzerland,Europe,2.33528,2.30071,2.71038,2.05257,2.74957,2.97108,3.04946,2.95787,0.56608,0.86234,0.94172,0.76035,1.05281,1.45546,2.0427,2.37831,1.94428,2.53355,1.53347,2.33846,0.65912,0.86884,1.09355,0.85737,1.85626,2.11087,2.34341,2.1296,2.34563,2.33812,2.24973,4.61644,4.00822,0.97897,1.2327,0.82267,0.9529,0.62868,0.88627,0.89586,1.32808,4.35614,4.51389,4.91863,5.17721,,0.3371,0.49788,0.24956,0.53244,0.24696,0.24208,0.626,,0.59575,0.50288,0.72557
Univ. of California - Los Angeles,United States,North America,2.06963,1.93456,2.31864,2.33666,2.41653,3.00876,3.19572,3.57726,0.75264,1.21067,1.42785,1.25762,1.43355,1.96758,0.91008,1.48448,1.42022,1.1465,1.63373,2.04979,0.99882,1.46029,1.73496,2.07781,2.05528,0.76412,1.33067,1.66593,3.09169,2.14353,2.48894,3.89272,3.12431,0.50973,0.60225,1.93803,1.51954,1.38475,0.47826,1.8119,1.7256,3.32756,3.72172,3.4786,3.56257,0.08203,0.51329,0.56016,0.43202,0.9202,0.18167,0.55368,0.9961,,0.30904,0.92133,1.11986
University of Michigan,United States,North America,2.24006,2.13011,2.74599,1.77843,2.15912,2.71895,2.55523,3.3558,1.35107,1.47399,1.1666,1.42826,1.46886,2.05867,1.33396,1.52335,1.76029,1.65424,1.57156,1.30362,0.7626,1.26257,1.98682,1.36024,1.79308,1.42312,1.61373,0.83779,2.64406,2.38578,2.4763,2.88601,3.05996,1.16569,1.12527,1.00087,1.28703,1.00752,1.68365,1.16768,0.53175,3.10992,3.59045,3.22774,3.4965,0.21182,0.78228,0.54674,0.60861,0.46723,0.66484,0.41072,1.04533,0.24107,0.53646,1.64963,1.57476
University of Montreal,Canada,North America,2.30626,2.74028,2.60829,1.61475,2.29889,2.2377,2.26338,2.34496,1.42896,1.26106,1.04643,1.24038,1.3853,1.29436,1.35333,1.12515,1.08146,1.06639,0.78084,1.40571,1.77879,1.14549,1.14705,1.32123,1.3242,1.47307,1.03443,0.69368,1.80154,2.52479,2.42605,2.39706,2.963,1.93262,1.74196,2.33408,1.77979,1.70212,1.49222,1.78367,1.21593,2.71658,2.59703,2.68055,2.61009,0.64052,1.29399,1.34656,0.9588,1.27315,1.11896,0.69665,1.4277,1.0198,1.78546,1.42488,0.73329
Seoul National University,South Korea,Asia,1.76285,1.76616,2.0186,1.79867,2.79265,2.93804,3.77851,3.17652,0.58718,0.86851,1.25429,1.02139,1.22986,2.55183,3.00325,2.98691,3.14575,4.20499,2.88382,3.45663,0.42264,0.89832,1.05874,1.04477,1.46416,2.24189,3.43187,3.40719,1.05787,1.39125,1.43113,2.37973,2.69883,0.23353,0.67224,1.62624,0.97313,1.32784,0.92146,1.02107,0.53665,1.57907,2.2979,2.16019,2.56376,0.10941,0.41889,0.67244,0.32657,0.45118,0.07362,0.43309,0.13717,,0.45464,0.29076,0.78242
University of Amsterdam,Netherlands,Europe,1.59313,2.65498,2.04431,1.92335,2.06449,1.52467,1.43856,2.25239,1.54632,1.15142,1.58048,1.38552,1.43888,1.79832,1.3183,1.24063,1.17654,1.24891,1.032,1.66572,1.69914,0.70881,0.87744,1.06136,2.01817,1.23,0.96664,1.28647,1.56842,1.58025,1.53794,1.73245,1.97673,1.57592,1.64215,1.33326,1.28945,0.99053,1.06319,0.84963,1.58386,2.21112,2.69053,1.8209,2.39051,0.91109,1.45962,2.18438,2.06627,1.93394,2.15089,1.78813,1.58213,,1.01378,1.89931,1.06817
Harvard University,United States,North America,2.23252,2.56937,2.86964,2.06202,3.24964,3.32816,2.61926,3.34398,0.23042,0.20753,0.50865,0.70544,1.20524,2.09588,0.71692,0.58313,0.83444,1.26625,1.01157,1.40839,0.53767,0.30018,1.12686,1.06432,1.63616,0.28276,0.52842,1.11018,2.36488,3.09618,2.8214,3.79701,4.05658,1.80885,0.60036,1.43774,1.69787,1.41094,0.86428,0.93964,0.65911,3.57542,3.68288,4.28701,4.47088,,0.24846,0.2426,0.17621,0.23537,,0.20401,1.02913,,0.76204,0.38159,1.26971
Univ. of Massachusetts Amherst,United States,North America,3.5329,2.0714,2.70598,2.2771,1.86635,2.28586,2.69602,3.239,0.93286,0.59285,0.62451,0.85009,1.39987,1.28301,1.70761,1.39587,1.56306,1.63251,1.15949,1.38439,0.88237,0.97874,1.04308,0.90805,1.41211,1.5391,1.04599,1.14476,1.54333,1.17092,2.18001,2.56268,1.67138,1.43619,1.36975,0.74399,0.93262,0.76151,0.94582,0.52345,0.04891,3.17834,3.16195,2.54874,2.52372,0.91036,1.41361,0.86117,1.0695,1.47845,1.27877,1.13873,0.67052,1.02953,0.96599,1.68076,0.68203
University of Cambridge,United Kingdom,Europe,1.32808,1.84005,2.28978,1.37169,2.0502,1.92603,2.61713,2.53875,1.21015,1.26879,1.16435,1.02893,1.629,1.78354,1.35344,0.94157,1.01476,1.4129,1.01866,0.72873,0.94893,1.5719,1.85151,1.51788,2.30384,1.10648,1.06617,0.93563,2.10754,2.32363,2.08475,2.47384,2.52932,0.81775,1.07365,1.26494,0.50442,1.55263,1.23618,1.37774,1.61949,2.68987,2.88804,3.20282,2.72611,,0.55927,0.57889,0.54385,0.98117,0.85563,0.45865,1.32883,0.53547,0.94257,1.10654,0.83253
TU Munich,Germany,Europe,1.33565,1.57435,1.79074,1.8866,2.34237,2.58632,3.73099,4.114,0.08872,0.14522,0.07941,0.52195,0.43685,0.54859,2.73694,3.11186,3.41151,3.7657,3.4855,3.26796,0.65858,0.1874,0.28049,0.86878,0.8859,2.6179,2.92584,3.20326,1.37056,1.24396,1.6617,1.6808,2.10953,0.69296,0.20299,1.78174,1.29665,0.76013,0.57578,1.09322,1.37366,2.01357,2.42573,2.61905,3.32843,0.23582,0.29275,0.32501,0.16566,0.13798,0.28318,0.40462,0.09676,,0.89686,0.7184,0.58363
Singapore Management University,Singapore,Asia,1.20392,1.16699,1.65728,1.22563,2.71464,2.26614,3.4867,4.02326,0.52878,0.39109,1.18311,1.43275,2.18581,2.40696,0.85964,1.07877,1.29965,1.93611,1.72103,1.80026,0.96581,0.96903,1.69855,1.42274,2.31472,0.82846,1.36065,1.52194,0.26242,0.56819,0.50336,1.66047,1.74226,1.67709,1.71604,1.00728,2.11367,1.39417,1.23223,1.91446,2.22398,1.19096,1.22585,1.23988,2.19497,0.29384,1.28628,1.04082,0.72736,1.51949,1.4158,1.80583,1.70026,,0.44075,1.68002,1.12269
Northeastern University,China,Asia,1.2054,1.78716,2.25976,1.62011,2.01749,2.40083,2.76557,3.03141,0.25987,0.77782,0.91348,1.39799,1.54178,1.64038,1.22453,1.23788,1.84069,1.41728,2.01072,1.85051,0.80575,0.50495,1.23031,1.7413,1.88625,1.50779,1.60792,2.07325,1.6423,2.12649,2.19068,2.49102,3.38442,0.73736,0.45722,0.38989,0.32573,0.5246,1.15577,1.52313,0.88358,2.73586,2.61551,2.95339,3.6077,,0.61387,0.69621,0.72964,0.20076,0.9072,0.39697,1.50286,0.17515,0.53921,0.82493,1.28804
Sun Yat-sen University,China,Asia,0.54162,2.05309,1.95338,1.82838,2.09018,3.27086,3.51685,3.28332,0.79502,0.35524,0.94508,0.99811,1.48656,2.12209,2.46902,1.76632,1.89783,3.01187,2.6846,2.6012,0.73759,0.7609,1.0044,1.14924,1.26217,2.28886,1.67998,2.21077,0.20655,0.16989,0.19823,1.00261,1.2736,0.915,1.8366,1.49585,2.41832,0.73998,2.04149,3.01242,3.43321,0.75186,0.58342,1.11393,1.62563,0.3802,0.12245,0.09854,0.59734,1.19433,0.20499,0.39572,0.2057,0.17515,0.5044,0.98752,0.78045
University of Alberta,Canada,North America,2.77309,2.5364,2.63068,2.8708,1.86897,2.28754,2.52883,2.84479,0.49345,0.44951,0.8783,1.6764,1.90929,2.50884,0.27073,0.16838,0.17487,0.51214,0.36318,0.65676,0.10889,0.87842,1.17145,1.25239,2.3338,0.25095,0.62859,0.32604,2.82683,1.97183,2.60151,2.05474,3.08979,2.3979,0.79178,1.21895,2.08127,0.65912,1.77891,1.44823,1.4849,2.23117,3.06904,3.24048,2.4888,,0.4046,0.84962,,0.33171,0.67525,0.8211,0.34803,,0.36051,0.86306,0.88306
ETH Zurich,Switzerland,Europe,0.83477,1.18851,1.73917,1.16481,1.52749,2.7784,2.27331,2.35193,0.4335,0.67861,1.03366,0.64362,1.43276,1.77072,1.25636,1.62636,2.09899,2.17102,2.4033,2.26748,0.81432,1.01448,1.86808,1.18816,2.09956,1.42835,1.97478,1.76784,1.51592,1.62968,1.70195,2.26352,2.80851,0.51305,0.29439,0.09231,0.37478,1.62074,0.76831,0.92878,1.3768,1.91287,3.36181,2.99775,3.21617,,0.42081,0.11427,0.17816,0.37864,,0.30941,0.75296,1.0,0.43256,0.20515,0.81981
Beihang University,China,Asia,0.87819,2.37284,1.31048,1.44711,1.34613,2.5494,4.33632,4.46298,1.02229,0.57185,1.11615,0.87287,1.49928,2.44195,1.34792,1.31467,1.72549,1.69968,1.78351,2.29287,1.44512,1.38548,1.30103,1.08258,1.68519,1.02215,1.32016,1.89557,0.30383,0.34773,0.30775,0.91959,1.62754,0.8035,1.46196,1.93296,0.94648,1.46142,1.3068,3.23699,2.27221,0.61165,0.71744,0.95233,1.59454,0.04668,0.29376,0.53757,0.5837,1.09206,0.7539,0.53427,0.62099,,0.6274,0.52374,1.45655
Wuhan University,China,Asia,0.77652,1.0737,1.19177,1.02377,1.84364,4.15433,4.10655,5.35809,0.43595,0.20806,0.60936,0.79132,0.85554,1.67775,2.08397,1.49178,1.97728,3.11154,3.56848,3.49166,0.22055,0.61357,0.76493,0.33664,1.26541,1.44378,2.51354,2.69792,0.07331,0.14677,0.37597,0.64861,1.9509,1.06048,1.37616,1.77922,0.8393,0.68342,1.81499,2.34562,1.55703,0.27445,0.92381,1.04576,2.3925,,0.40865,0.16497,0.62711,0.44069,0.36107,0.15441,0.26296,,0.30705,0.48583,0.1461
Boston University,United States,North America,1.77476,1.66911,2.0123,1.88298,2.13138,2.05383,1.95931,1.68232,0.79068,0.56574,0.62988,0.2934,0.55521,0.85951,1.5982,1.7373,1.09669,1.24842,0.93931,1.28719,0.51311,0.78461,1.04933,0.98429,0.88921,1.73505,1.73452,0.89817,2.10624,2.73364,2.35307,3.05879,2.76528,1.51526,1.36232,0.52602,0.65886,0.3418,0.64114,1.10067,0.95099,2.93253,3.11949,3.05633,3.51697,0.24609,0.09984,0.25717,,0.23537,0.2778,0.08457,0.38636,,0.65952,0.61017,0.22982
UESTC,China,Asia,1.16598,1.65073,1.43089,1.60247,1.92925,2.89959,4.60534,5.71657,0.1246,,0.19759,0.16943,0.49809,0.9907,1.27149,1.72616,1.31238,1.41279,2.35162,2.80149,0.1444,0.49376,0.31802,0.36538,0.8092,1.14573,1.1839,1.92314,0.25583,0.47637,0.61007,0.75654,1.69133,1.63988,0.92239,1.13,1.39037,0.79142,2.94696,1.40262,2.96432,0.33949,0.62076,1.25747,2.24286,,0.96538,0.9399,0.44393,0.647,0.69838,0.68352,0.5291,,0.49163,0.47053,0.32316
University of Waterloo,Canada,North America,1.37934,1.35902,1.30905,1.4022,1.53318,2.02721,1.13909,2.07548,0.57522,0.34443,1.13172,2.06069,2.06981,2.23427,0.22221,0.49419,0.51175,0.58238,1.02031,0.95464,0.95802,1.03021,1.41638,1.17029,2.81817,0.81159,0.70661,0.64018,1.0318,1.12286,0.86089,2.03668,1.59248,0.84695,0.40435,0.68572,0.74599,0.77163,0.82798,0.37288,0.60666,1.52915,1.90792,2.2251,1.63021,0.33906,1.17695,2.14982,1.05832,1.75531,1.99239,2.41862,0.71421,,0.26222,0.25184,0.88931
CUHK (SZ),China,Asia,0.57416,0.7544,1.24357,1.72374,1.75209,2.65424,2.91227,3.87376,0.22929,0.15362,0.3925,0.69233,1.36712,1.57725,1.4582,1.7488,1.61147,2.06551,1.65384,1.98639,0.25378,0.15009,0.21223,0.7064,1.43603,1.06576,2.53285,2.86563,0.22771,0.71417,0.98055,1.96254,2.42769,0.0784,0.41003,0.57047,1.0473,1.08901,0.84737,0.61509,1.3386,1.33915,1.73769,2.16693,2.20361,,0.52597,0.58451,0.24216,0.30384,0.30046,0.28559,0.36655,,0.42089,0.68247,1.04175
University of British Columbia,Canada,North America,1.44303,1.97388,1.67001,2.14925,1.8342,1.94796,1.57414,1.82619,0.54193,0.84656,0.78265,1.05609,0.67959,1.3178,1.45822,1.41371,1.37663,1.28259,1.16522,1.494,0.67705,0.81759,1.23733,0.58227,1.03064,1.44094,1.365,1.01719,1.22627,1.52191,1.72346,2.27269,2.04778,1.33757,0.77047,0.33707,0.73725,0.69907,0.12717,0.8815,0.32204,1.55711,2.62305,2.44822,1.93222,0.08203,0.5846,0.3149,,0.36963,0.01586,0.12948,0.64361,1.13222,0.08319,0.22461,0.83984
University of Tübingen,Germany,Europe,0.47626,1.22567,0.83918,1.02807,1.81531,1.97812,1.85007,1.65891,,0.24713,0.22071,0.33649,,0.50014,2.84685,2.44703,2.27757,2.19641,2.76439,2.20861,,0.15009,0.26972,0.15948,0.19947,2.29862,2.71584,2.38506,1.40576,1.63793,1.9643,2.08472,2.25935,0.61529,0.28462,,0.29251,0.85207,0.893,0.90607,0.48997,2.72241,3.40407,2.87056,2.73998,,0.24846,0.3428,0.08283,0.07961,0.14475,0.53632,0.25976,,,,0.28377
Westlake University,China,Asia,0.85513,1.66473,1.26416,1.36792,1.82379,2.49978,2.09674,3.27613,0.87666,0.74698,0.61377,0.89736,0.84959,1.04415,1.49698,1.853,2.1985,1.905,1.38708,2.81004,0.95929,0.88799,0.69442,0.75968,1.45121,1.31017,1.8884,1.97674,0.55572,0.32165,0.71473,1.35926,1.16611,0.95471,0.75896,0.51001,1.16253,0.96656,0.85816,1.60599,0.93011,0.53296,1.06038,1.79223,1.63872,,0.63774,0.29343,0.47988,0.32757,0.40264,0.53715,0.13717,,0.13111,0.57959,0.19601
Duke University,United States,North America,1.05843,2.07797,1.9947,1.50974,1.84184,2.21276,1.96508,2.10084,0.3085,0.47523,0.62852,0.83175,0.88918,1.09896,1.0014,1.15174,0.98707,0.74735,1.07246,1.07048,0.62743,0.65061,0.93276,0.89541,1.0212,0.83556,0.82536,0.88268,1.73552,1.15181,1.80283,2.25888,1.77818,1.91454,0.8814,1.36266,1.15346,0.59374,0.20486,1.20293,0.40372,2.03851,2.84198,2.30461,2.43358,0.06199,0.17414,0.09735,0.18831,0.49797,0.19285,0.17601,0.56043,,0.92816,0.44747,0.64394
Nankai University,China,Asia,0.49015,0.48554,1.48904,0.89193,1.60029,2.57169,2.96591,4.46853,0.4109,0.21496,0.38974,0.39526,1.04163,1.57418,1.97148,1.71858,2.02464,2.19895,2.90902,3.12605,0.41447,0.25196,0.52293,0.77442,1.25747,1.3985,1.87392,2.78901,0.13915,0.12194,0.30277,0.4893,0.85531,1.17314,0.31858,0.62266,0.31213,1.36359,2.06574,2.63603,1.20615,0.44633,0.65331,1.05621,1.58587,,,,0.11305,0.09739,0.21642,0.12524,0.24931,,0.04231,0.88433,1.01295
Hebrew University of Jerusalem,Israel,Europe,1.81413,1.71288,1.42322,1.0438,1.81214,1.75167,1.42933,1.32344,0.47319,0.59835,0.61985,0.72326,1.21848,1.96537,0.49602,0.71945,1.0988,1.20522,0.5265,0.99499,0.78981,1.308,0.73135,1.26271,0.75711,1.16899,0.98788,1.11031,1.23691,2.07935,1.99894,2.04208,1.8514,0.68795,0.84934,0.10023,0.67588,0.88445,0.44591,1.30104,0.67376,2.57589,2.0486,2.90234,1.9771,0.4287,0.14301,,0.15636,0.26175,,0.50152,1.55295,,0.8674,0.38899,0.18997
Univ. of California - Irvine,United States,North America,2.18077,2.58197,2.22855,1.47574,1.93724,2.11788,2.28002,2.11293,0.47093,0.7679,0.68086,0.64355,0.91979,0.86068,0.96401,0.75683,1.0509,1.45517,1.45419,1.61873,0.69801,0.66587,0.63017,0.62927,0.87443,0.85908,0.8941,1.55769,0.97786,1.38078,1.0608,1.56016,1.61145,0.92153,1.58755,0.41677,0.41592,0.90422,1.03668,1.60263,1.21139,1.80166,1.69567,1.4367,1.9563,0.14909,0.60789,0.08636,0.04034,,,0.35752,0.41889,,0.23387,0.2713,0.40474
University of Chicago,United States,North America,0.54306,1.07482,1.02195,1.23748,0.84403,1.84811,2.00035,2.01437,0.3229,0.66152,0.67721,1.03962,1.39844,1.39445,0.80227,1.34169,1.29008,1.10786,1.13071,1.08208,0.22404,1.04646,0.87474,1.31838,1.48002,0.98288,1.08127,1.08624,1.63903,1.75785,1.37885,1.79553,2.59158,0.85964,0.33452,0.44275,0.56328,0.86622,0.68099,1.22481,0.8526,1.6843,2.66037,2.53204,2.46612,,0.26479,0.05653,0.09534,0.33319,0.13114,0.03505,0.57189,,0.78493,0.71291,1.13904
HUST,China,Asia,0.3568,0.66546,1.50014,1.52258,1.42053,1.90857,3.56762,3.62219,,0.19045,0.54415,0.25441,0.50411,1.51559,1.89233,2.0774,2.50265,2.22849,2.93086,2.59364,0.21758,0.11278,0.45006,0.34902,0.45392,1.51939,2.47482,2.89023,0.05071,0.31038,0.50224,0.57864,1.12336,0.59645,1.13847,0.29758,1.37068,0.38949,1.48866,3.1693,1.34053,0.52942,0.86127,0.91375,1.34781,,,0.05653,0.23919,0.34899,0.39655,0.1464,0.15163,,0.46005,0.41026,0.84253
The Hong Kong Polytechnic Univ.,Hong Kong,Asia,0.92164,1.36058,1.53289,0.93471,1.40127,1.95103,2.84439,3.2389,0.7899,0.43585,0.46603,0.61227,1.50102,0.97917,0.77456,0.8996,1.24803,1.38564,1.58877,1.77826,0.21273,0.37906,0.67218,0.576,1.30054,0.78457,1.04154,1.2297,0.32192,0.18709,0.75454,0.97693,1.2246,0.93898,1.00188,0.86113,1.65359,0.94889,1.19006,0.93117,2.05959,0.74723,1.08577,1.28677,1.66035,,0.43232,0.83696,0.78614,1.00061,0.83623,0.98183,0.72842,,1.04192,1.17259,0.69156
BUPT,China,Asia,0.65956,1.38511,1.38269,0.80404,1.49389,2.40133,3.13942,3.37084,0.58856,0.64891,0.84682,0.44375,0.97057,1.2742,0.64186,0.62967,0.87695,0.73938,1.56204,1.5242,0.98353,0.83842,0.68663,0.78933,1.11361,0.62507,0.63148,1.16564,,0.39256,0.62117,1.38511,1.183,0.6636,0.55994,1.10486,1.84981,1.27261,0.86213,3.34772,0.38839,0.41668,0.66687,0.58655,1.37832,,0.71411,0.47716,0.94435,1.47693,0.74483,0.59574,0.60596,0.28911,1.18738,1.43827,1.391
Imperial College London,United Kingdom,Europe,1.56694,1.38059,1.17357,1.24152,2.03405,1.33906,2.44634,2.4132,0.32773,0.5605,0.9247,0.92666,0.98715,1.06746,2.1592,2.26779,2.37915,1.7443,1.89894,2.66585,0.62197,0.83703,1.01367,1.0434,1.13842,1.51373,2.04827,2.30872,0.40975,0.49046,0.82165,1.76178,1.10057,0.87599,0.38562,0.77513,0.31169,0.98461,0.4627,0.9532,0.53462,0.80193,1.37675,1.33297,1.91922,,,0.06871,0.055,,,0.06249,0.13946,,,0.30799,0.2356
TU Darmstadt,Germany,Europe,1.21765,0.84758,1.3453,0.79454,1.19213,1.37696,1.56646,2.0518,0.91806,0.78691,1.06233,1.31285,1.2047,1.78203,1.51242,1.60822,1.65354,1.69984,1.72076,1.61648,1.42586,1.1903,1.28315,1.62908,1.44408,1.34242,1.38174,1.43475,0.34858,0.54814,0.59019,1.24376,1.44114,0.75188,0.64239,0.28743,1.21123,0.46995,0.09188,0.422,0.55821,1.05295,1.57373,1.52371,1.33047,,0.48691,0.49278,0.55472,0.86931,0.76369,0.57947,0.28659,,1.10113,0.18384,0.33445
University of North Carolina,United States,North America,0.70407,1.03915,0.92532,1.30767,1.47837,1.52853,1.98393,1.48047,0.81964,0.74309,0.98093,0.92379,1.11885,1.15014,1.31507,1.48825,1.70267,1.76789,1.64964,2.23857,0.86496,1.13801,0.89151,1.35942,1.64968,1.25046,1.86544,2.04883,0.63122,0.80387,0.93933,0.9448,1.44285,0.48568,0.0741,0.96414,0.13095,0.91878,1.29111,1.10865,0.56431,1.45037,1.68266,1.81541,1.51223,,0.38858,0.34611,0.37057,0.3806,0.17583,0.24158,0.29288,,0.05792,0.30207,0.42909
Monash University,Australia,Australasia,1.07282,0.93679,1.93381,1.97718,2.49161,2.14634,2.70673,2.8223,0.70285,0.2103,0.57874,0.49278,0.79104,1.16898,0.87158,0.88502,0.82646,1.46407,1.39617,1.47692,1.11783,0.55622,0.88277,0.95318,1.17816,1.1049,1.11331,1.50596,0.78075,0.96967,0.70746,1.14468,1.49225,0.25717,1.00962,1.36589,0.97358,0.8898,0.63931,1.74894,1.71152,0.66801,0.87283,1.11637,1.45464,,,,0.13783,0.32396,0.07362,0.58362,0.23394,,0.26653,0.10948,0.71453
Southeast University,China,Asia,1.00877,1.57903,1.20491,0.68527,1.71494,2.24905,3.28992,4.0894,0.14556,,0.39778,0.14575,0.50801,1.05632,0.97447,0.80727,1.5367,1.50237,1.59593,2.1667,0.19306,0.1762,0.38554,0.36843,0.90073,0.64596,1.08277,1.31153,0.77749,0.35722,0.78986,1.79466,1.26964,1.15418,0.78452,0.83481,1.58585,0.68342,1.6599,1.62848,1.72691,1.04835,1.0862,1.57683,2.15879,,,0.1429,0.10886,0.19846,0.29458,0.66689,,,0.30935,0.30224,0.82567
Simon Fraser University,Canada,North America,0.43494,1.16332,1.68716,0.93993,0.80201,1.17913,1.54708,1.76763,0.32314,0.51498,0.06555,0.50522,0.41903,0.49955,1.8446,2.6249,2.19718,2.18074,2.35675,2.42206,0.22736,0.2711,0.23062,0.71717,0.47447,1.57749,2.2576,2.39364,0.33137,0.48328,0.71961,1.07852,0.49509,0.99539,0.44492,,1.30566,0.49297,0.79429,1.04914,0.42283,0.65823,1.58714,1.82508,1.42441,,0.24846,0.46488,0.87296,0.40616,0.64664,0.54665,0.69675,0.34528,,0.57021,0.1405
University of Copenhagen,Denmark,Europe,1.30759,1.55361,1.69877,0.74653,1.50497,1.53858,1.40188,1.19426,0.67332,0.85184,0.85837,1.28842,1.15086,1.52283,0.75638,0.87145,0.9301,0.89703,0.69107,0.60814,0.8665,1.48423,1.85901,1.51321,1.01212,0.80067,0.91505,1.01426,0.91992,1.05286,1.23208,0.98132,1.32758,0.40313,0.44717,0.91997,0.4707,0.26426,0.48716,0.32315,0.45405,1.30302,1.53865,1.87995,1.28219,0.41026,0.70071,0.34588,0.37405,0.54078,0.43861,0.55219,0.69259,0.19274,,0.06403,0.39112
Yale University,United States,North America,0.46612,1.26327,1.09146,0.87833,1.00622,1.1115,0.97617,1.55602,0.18225,0.56867,0.26389,0.46024,1.21344,1.04961,0.31966,0.59822,0.15935,0.16869,0.03831,0.57781,0.7415,0.73244,0.90772,1.09777,0.81014,0.37309,0.15202,0.31416,1.4745,1.85351,1.47606,1.8967,1.87398,1.03274,0.80804,1.0263,0.74907,0.77163,0.26476,0.85527,0.56614,2.23249,2.21567,2.40862,1.62839,0.06199,1.12621,0.94796,1.05974,0.8963,0.40079,0.65331,0.96473,,0.48733,0.76386,0.86127
Australian National University,Australia,Australasia,1.30893,1.77678,2.44587,1.77363,1.84151,2.4692,1.74303,2.01964,0.40268,0.21647,0.49097,0.1945,0.50562,0.93292,1.96127,1.71188,1.87002,2.09577,1.83206,1.75318,0.55473,0.54311,0.27881,0.37298,0.25846,1.76094,1.53551,1.51572,0.24513,0.26803,0.11573,0.29284,0.67177,1.44039,0.92663,0.07328,1.61693,0.64945,0.67385,0.11071,0.2441,0.86984,0.85361,1.00199,0.98875,0.32629,0.63993,0.16395,0.15009,,0.22156,0.09754,0.37836,,0.54092,0.22107,0.43251
California Inst. of Technology,United States,North America,0.83264,0.97177,1.24476,1.04143,1.60296,1.40375,1.61366,1.21967,0.26887,0.2234,0.2148,0.16943,0.38202,0.51955,1.44731,1.41027,1.71572,1.35883,1.32232,1.26837,0.0981,0.2803,0.44864,0.70612,0.56117,0.7408,1.48037,1.18141,1.69693,1.35318,1.59772,2.03569,2.14559,0.3499,0.12991,0.36333,0.36739,0.66051,1.23462,0.76701,0.21154,2.88565,1.52132,1.70221,2.47421,0.32629,,0.16519,0.26306,0.24826,0.0873,0.39368,0.0427,,0.17594,,0.39002
Pennsylvania State University,United States,North America,0.90934,1.34635,1.90827,0.97447,1.44555,1.36741,1.67545,1.88471,0.95812,0.54449,0.94289,0.57676,1.04614,1.44089,0.71157,0.46101,0.20922,0.43903,0.54872,0.36213,0.70959,0.91665,0.68241,0.63378,1.02234,0.4909,0.577,0.75468,0.47798,0.59396,0.61675,0.91759,0.60942,1.34391,0.51248,0.66275,0.80895,1.59163,0.90428,1.14647,2.13736,0.62,1.08383,1.63766,1.60061,0.08203,0.40029,0.53608,0.16386,0.27942,0.2431,0.27723,0.47504,0.34528,1.23872,0.99956,1.04813
University of Tokyo,Japan,Asia,1.87264,1.62485,1.51136,1.06832,0.81367,1.63762,1.6595,1.69214,0.07534,0.24328,0.47007,0.58536,0.51987,0.62276,1.904,1.72298,1.3451,1.434,0.96753,1.36213,0.52692,0.24198,0.19743,0.30855,0.22783,1.43883,1.48857,0.85547,1.9024,1.6928,1.52339,1.47658,1.42578,0.27234,1.24602,1.06951,0.44265,0.55265,0.18634,0.11727,0.07579,1.97725,2.32906,1.92219,1.59187,,0.07619,0.16519,,,,0.20201,0.05078,,,0.09692,
LMU Munich,Germany,Europe,0.60139,1.10601,0.73567,1.06552,1.13658,1.61114,1.89662,1.49625,0.58073,1.02524,1.61984,0.9249,1.19924,1.28809,0.51281,0.76655,0.91757,1.25345,1.2281,1.064,1.24218,1.2016,1.13816,1.35137,1.58105,0.33341,1.16341,1.09072,,0.91706,1.02651,1.37201,1.15433,0.65797,0.30596,0.24477,0.40454,0.07413,0.52953,1.28578,1.24853,0.68072,0.99938,1.50252,1.93109,,,0.45219,0.10886,0.65538,0.26947,0.20703,0.47741,,0.30705,0.39845,0.46326
University of Virginia,United States,North America,0.90866,0.85198,1.66082,1.54959,1.44959,1.90082,2.05407,2.71701,0.05105,0.29236,0.77589,0.85909,1.15837,0.70258,0.20339,0.61409,0.49757,0.34855,0.35593,0.58788,0.68409,0.31731,0.34105,1.33571,1.64161,0.41774,0.34029,0.30759,1.04978,0.62338,1.10291,1.11818,1.52743,0.81848,0.37162,0.62266,0.90436,0.64874,0.9529,0.49991,0.9265,0.77399,1.72175,1.77269,1.286,,0.44343,0.16519,0.17816,0.16152,0.27737,0.46851,0.12988,,0.36484,0.86642,1.24511
Brown University,United States,North America,0.72228,1.09753,1.64829,0.69409,1.50804,1.47689,1.34345,1.12825,0.47915,0.53937,0.83801,0.32981,0.48587,0.49008,1.07836,1.09339,1.08281,1.29364,1.19163,0.97394,0.55221,1.0156,0.8411,0.71446,0.55603,0.84578,0.90717,0.91085,1.05192,1.16072,1.30088,1.3806,1.4487,0.43134,0.08639,1.11342,0.28703,0.97302,0.77055,0.26188,1.01961,1.29605,1.97346,2.09784,1.47181,0.14909,0.42922,0.23623,0.27588,0.15925,,0.20009,0.2016,,,0.12769,0.14188
University of Illinois at Chicago,United States,North America,1.17126,1.02289,1.54288,1.00678,1.68928,1.41763,1.1158,1.26745,0.56004,0.56967,0.72651,0.71158,1.02908,1.02945,0.50645,0.61161,0.32335,0.32137,0.49472,0.56424,0.86619,1.05199,1.02716,0.77703,1.06511,0.58227,0.37269,0.43733,0.47719,0.43266,0.75682,0.46422,0.83509,1.18996,0.80833,0.67259,0.65018,0.92202,0.44227,1.1914,0.8412,1.03131,0.96138,1.17545,1.07248,0.37885,0.51135,0.79371,0.62211,0.59564,0.52524,0.3904,1.00881,0.50963,0.49227,1.1662,0.85097
Adelaide University,Australia,Australasia,0.82222,1.3508,1.167,0.9846,1.05137,2.10766,1.98199,2.11457,0.24559,0.40481,0.39512,0.26615,0.19094,0.54771,1.8884,1.87734,2.29324,1.76507,1.38282,1.7286,0.34237,0.38621,0.08389,0.14948,0.2232,1.07575,1.63444,1.22996,0.17903,0.41912,0.16775,0.85029,0.85153,0.49344,0.1422,0.56505,0.44299,0.74721,0.78046,2.89896,1.25073,0.48235,0.75985,0.74929,0.83945,,0.15238,0.16519,0.21771,0.42092,0.0511,0.32917,0.37907,,,0.09692,0.36836
KAUST,Saudi Arabia,Asia,0.96734,1.05203,0.84499,0.85276,0.86371,0.94168,1.34168,1.52827,,,0.19775,0.36439,0.55022,0.96743,0.87543,1.26721,1.23115,1.39154,1.30415,1.33117,0.07318,0.31652,0.47448,0.67963,0.76654,1.08979,1.33173,1.32418,1.1687,1.13824,1.59232,1.64427,1.90028,0.41121,0.38762,1.63022,0.11203,,0.20639,0.38043,0.88849,1.83091,1.77172,1.39461,1.95171,,0.07619,,0.04034,0.07961,0.07362,0.07704,0.12988,,0.13111,0.52584,0.35444
University College London,United Kingdom,Europe,0.56587,0.76807,0.85718,1.00889,1.10288,1.21058,1.56654,1.60478,0.17853,,0.48562,0.14085,0.39674,0.29269,0.95256,1.21093,1.30195,1.12861,1.38592,1.29477,,0.28927,0.36588,0.113,0.5613,0.99217,1.20507,1.13845,1.52058,1.15916,1.17048,1.21555,1.42382,0.65426,0.99933,0.09231,0.45538,0.26036,0.1355,0.59907,0.04891,1.52402,1.48865,1.43624,1.47225,0.25427,0.79443,0.5295,0.32875,0.47226,0.44577,0.4781,1.05558,,0.42413,0.44196,0.72356
Univ. of California - Santa Barbara,United States,North America,1.29942,1.348,1.2047,0.51562,0.93727,1.58161,1.29957,1.14321,0.69589,0.75149,0.83823,1.24234,1.14566,1.19336,0.80643,0.30512,0.98343,0.78391,1.12347,0.75732,0.93703,1.06234,0.73787,1.33196,1.13817,0.19468,1.18302,0.69113,0.3818,0.63306,0.15974,0.61709,0.84177,0.62721,0.88781,0.68282,0.18942,0.15258,0.1991,0.08629,0.54749,0.93128,0.9721,1.17052,1.35192,0.06199,0.31937,0.47919,0.38543,0.529,0.17658,0.31021,1.20708,,0.82919,0.908,0.78973
Purdue University,United States,North America,0.67687,0.52266,0.9707,1.14858,1.27772,1.19858,1.46148,1.75086,0.32216,0.33937,0.42935,0.31429,0.48268,0.98823,0.28048,0.3195,0.60213,0.66715,0.77123,1.02951,0.22736,0.10512,0.05155,0.83713,1.08249,0.12343,0.16559,0.6363,1.25443,1.34023,1.72184,1.54798,2.21349,0.59289,0.59058,0.48426,0.46562,0.45239,0.63141,0.26411,0.8405,1.55131,1.64283,2.18795,2.76823,,0.20424,0.16519,,0.37157,0.17658,0.14204,0.99443,,0.16068,1.27102,0.57999
CISPA Helmholtz Center,Germany,Europe,0.45981,0.7495,0.81221,0.86695,1.68325,1.83112,1.68449,1.84539,0.1021,,0.46368,0.75768,1.11774,1.0821,0.46886,0.64194,0.94538,0.95085,0.59973,0.88775,0.1101,0.10512,0.34888,0.52507,1.05042,0.98646,0.86096,0.72814,1.24407,1.11783,1.10208,1.29924,1.62051,0.97189,0.28462,0.87728,0.33787,0.64161,1.61275,0.36967,0.43831,1.29667,1.21679,1.33469,1.92148,,,,,0.22289,,0.14607,0.12988,,0.70915,0.37573,1.24614
POSTECH,South Korea,Asia,0.27986,0.84055,1.04546,1.1556,1.46119,1.94593,1.55902,1.47828,0.14363,0.36018,,0.14231,0.41212,0.35235,1.77807,1.44851,1.45931,1.66665,1.28336,1.35128,0.16338,0.16297,0.1283,0.41843,0.69323,1.25169,1.40504,0.98785,0.93879,0.83454,1.05524,1.18949,1.26012,0.27621,0.04319,0.18254,0.39906,0.77163,1.57069,1.11664,0.45883,1.18598,1.52712,0.82211,1.18906,0.10941,0.3427,0.11427,0.30771,0.52538,,0.3121,0.17737,,0.23421,0.3119,0.35439
Arizona State University,United States,North America,1.05229,1.32872,1.22609,0.97314,1.27475,1.37744,2.19195,2.07743,0.15981,0.50892,0.63878,0.70173,0.80322,1.12263,0.04017,0.45392,0.57557,0.27684,0.49219,0.50097,0.31299,0.66628,0.84082,0.88344,1.0163,0.44915,0.56156,0.3887,0.268,0.36963,0.74456,0.76446,0.81911,1.46252,0.41453,1.20357,1.19801,2.06635,0.49336,0.78838,0.56216,0.62641,1.03278,1.04421,1.30236,,0.07619,0.16519,0.13331,0.35757,0.03347,0.13905,0.40331,,0.96196,0.64038,1.32464
City University of Hong Kong,Hong Kong,Asia,0.25218,0.44521,0.48303,0.43734,1.38718,2.13416,2.66109,2.9507,0.30035,0.1533,0.28927,0.24304,0.28691,0.87948,1.28803,1.28469,1.48861,1.84864,1.89491,1.67244,0.17331,0.05393,0.55228,0.14428,0.75487,0.84837,1.21776,1.04901,0.1039,0.4117,0.53314,0.80924,0.91448,0.13962,0.93101,0.49387,1.14813,0.3208,0.78747,1.06116,1.63016,0.52896,0.62224,0.96562,1.22428,,0.5998,0.11156,0.15659,0.09739,0.18285,0.37016,0.2303,,0.20551,0.28178,0.2312
TTI Chicago,United States,North America,1.50401,1.62402,1.07552,1.04533,1.0171,1.03054,0.79586,0.85985,0.46666,0.29911,0.2411,0.12064,0.21431,0.29104,1.02994,0.81444,0.42078,0.61639,0.5275,0.34987,0.42366,0.56008,0.38913,0.34971,0.54637,0.93138,0.65582,0.26216,2.30151,1.69138,1.56206,2.0919,1.88603,1.13447,0.31483,0.07328,0.28038,0.15258,0.37029,0.11071,0.51264,2.24422,1.97505,2.4471,2.33483,,0.09984,0.22173,,0.39968,0.17658,0.25413,0.57997,,,0.07746,0.49628
University of Melbourne,Australia,Australasia,0.21537,1.15696,0.8543,0.6151,1.13633,1.15371,1.0862,2.05594,0.42798,0.50423,0.63156,0.55049,0.37613,0.27302,0.49607,0.37917,1.05095,1.06506,0.54607,0.86879,0.60512,0.46722,0.72625,0.71714,0.39822,0.65771,0.76568,0.75632,0.45809,0.44373,0.89536,0.7871,1.21682,0.50146,0.50491,0.83735,0.6364,1.43838,0.76894,1.34372,0.32204,0.89064,0.7841,1.02798,1.2201,0.10941,1.64474,1.30348,0.60872,0.71843,0.30933,0.83204,0.0427,0.69056,0.65894,0.33479,
Texas A&M University,United States,North America,0.57634,0.75588,1.12706,0.47343,1.2762,1.66657,1.77785,2.0609,0.30508,0.34534,0.33438,0.31827,0.58735,0.68456,0.45238,0.24175,0.84231,0.66798,1.39357,0.83414,0.51076,0.08227,0.34165,0.58877,0.6047,0.28599,0.96138,0.92039,0.60599,0.76743,0.82782,1.35758,1.37369,0.50973,0.50092,0.52769,0.11203,0.27703,1.02625,1.46686,0.7145,0.67167,1.58346,1.68804,1.82651,,0.19951,0.27117,0.34615,0.27418,0.48857,0.40713,0.46246,,0.96491,1.32185,0.2256
University of Central Florida,United States,North America,0.19032,0.39099,0.40384,0.61134,1.24559,1.29443,2.27059,2.29397,0.11812,,0.1413,0.19763,0.40025,1.13101,0.64317,1.29704,1.53459,2.16191,1.99594,1.94416,0.13336,0.31758,0.08212,0.40996,0.33014,1.13585,1.54811,1.73992,0.31698,0.41445,0.97496,1.16135,1.24577,0.34515,,0.62793,0.48,0.56395,1.06827,0.46054,1.30293,0.71564,1.18083,1.55162,1.83846,,0.07619,,,0.07961,0.15202,0.04509,,0.34528,0.06886,0.30587,0.19311
University of Surrey,United Kingdom,Europe,0.75139,1.12469,0.96237,0.85024,1.22473,1.70166,1.24928,1.52483,0.31416,0.48778,0.12153,0.42018,0.4735,1.03635,1.78289,1.55205,2.02535,1.88749,1.59492,1.25489,0.35709,0.14011,0.62692,0.29237,0.204,1.73855,1.88062,1.34867,0.29058,0.11607,0.2309,0.44617,0.56724,0.81509,0.91556,0.944,1.22853,0.1019,1.39296,0.52823,0.86639,0.47838,0.73796,0.82953,0.88058,,,,0.20905,0.3025,0.14724,0.27505,,,,0.08154,0.10625
Rutgers University,United States,North America,1.22286,1.17837,1.1536,1.40756,1.47199,1.45914,1.88451,1.33025,0.06141,0.32478,0.31074,0.41944,0.39338,0.45584,0.5331,0.48423,0.52006,0.91743,1.01142,0.64745,,0.16332,0.19226,0.322,0.61382,0.82437,0.67582,1.065,0.48429,0.22494,0.40119,0.8779,1.28832,1.08455,0.63202,0.27485,0.65824,0.9798,2.0064,0.33496,0.7908,0.90185,0.95723,1.17536,0.87155,,0.69134,0.60592,0.44078,0.25214,0.77035,0.71591,0.54101,0.12966,0.68337,0.54231,0.71997
Bar-Ilan University,Israel,Europe,1.25946,1.57641,0.85266,0.59044,0.83034,1.15969,1.11451,0.69218,0.6602,1.511,0.95284,1.03408,1.15286,1.14779,0.09754,0.23712,0.37195,0.41359,0.48601,0.57283,1.34357,1.32858,1.30377,1.27065,1.42991,0.08793,0.38648,0.3788,1.51338,0.91825,0.83092,2.15293,1.32811,0.48428,0.56113,0.19567,0.64765,0.44866,0.63617,0.51163,0.21258,1.0297,1.50975,1.20284,1.0491,,0.14301,0.16519,0.12647,0.17679,0.18285,,0.35653,,0.0731,0.13166,
Xiamen University,China,Asia,0.26312,0.45566,0.56679,0.47436,1.73187,2.04396,2.54379,2.78558,0.18041,0.28792,0.22264,0.10051,0.52064,0.84012,1.26039,0.7628,1.4778,1.74974,2.17119,2.18552,0.27076,0.18875,0.61922,0.27888,0.93931,0.82778,1.07338,1.64241,0.09678,0.09814,,0.56825,0.73622,0.44685,0.75085,,0.91208,1.65655,0.47387,1.19821,0.79541,0.15507,0.41605,0.52645,0.89969,,0.11773,0.10054,0.15891,0.55669,0.24735,0.1905,0.09252,,0.6385,,0.19311
INRIA,France,Europe,0.9975,0.87241,0.94038,0.71899,1.08892,1.18512,0.84071,1.00319,0.36744,0.22176,0.16673,0.14085,0.4819,0.6362,0.85702,0.78325,0.80292,0.84221,0.65044,0.63445,0.22831,0.48559,0.50203,0.36196,0.75452,0.95508,0.88515,0.5777,1.5343,1.52183,1.32942,1.37303,1.22988,0.64902,0.64116,0.91352,0.42968,0.71826,0.52207,0.92254,0.21531,1.69302,1.57562,1.55312,1.51105,0.21182,0.09984,0.37594,,0.17679,0.17658,,0.64278,0.7056,0.56467,,0.0311
Rice University,United States,North America,1.10633,1.48421,1.43949,1.19316,0.83605,1.49241,1.32268,1.09823,0.26355,0.11985,0.37976,0.27986,0.55596,0.46881,0.76416,1.0662,0.63287,1.06296,0.91559,0.81344,0.42366,0.10512,0.26687,0.35172,0.32664,0.36636,0.90494,0.75222,0.5878,1.12495,0.57701,0.53885,0.95571,1.41692,0.34043,1.16037,1.1611,1.08201,0.74297,0.54385,0.96669,0.96376,0.84152,0.97897,1.02794,0.21182,0.65308,0.60778,0.21771,0.388,0.17658,0.39818,0.69923,,0.08319,0.67977,0.35439
Univ. of California - Santa Cruz,United States,North America,0.64146,1.21347,1.44316,1.24501,0.97583,1.3441,1.63864,1.43778,0.50998,0.42822,0.23305,0.43238,0.38834,0.47811,0.4017,0.47563,0.46139,0.52687,0.64198,0.65712,0.40025,0.56176,0.52131,0.38168,0.29402,0.38002,0.5126,0.57157,1.23329,1.20256,1.36909,1.57186,1.50305,0.18396,0.2512,0.25356,0.15754,,0.45047,0.40317,0.17732,1.71221,1.93872,1.07341,1.60437,,0.88388,0.50032,,0.26018,0.39991,0.44757,0.69413,1.0,0.24481,0.11823,0.63769
University of Freiburg,Germany,Europe,1.02576,1.42679,1.48911,0.92525,1.31787,1.8558,1.34924,1.53864,,0.14522,0.17707,0.59414,0.33115,0.5811,1.03064,0.92832,1.014,1.23104,1.08136,0.94883,0.55416,0.64424,0.4489,0.24454,0.57624,0.78111,1.00533,1.16725,0.44549,0.64396,0.91711,1.14391,1.12125,0.35037,0.69403,0.756,0.69823,0.90797,0.30975,0.38723,0.3274,1.01751,1.04473,1.04595,1.01076,,0.36326,0.06871,,0.1636,,0.07704,0.06136,,0.25776,0.07746,0.31769
Northwestern University,United States,North America,0.68674,0.70048,1.14606,1.25182,1.55076,0.89795,1.28542,0.99284,0.3148,0.56295,0.65662,0.13663,0.45834,0.8722,0.19609,0.14498,0.36037,0.23182,0.6039,0.62995,0.88272,0.62306,0.40571,0.94804,0.37468,0.39818,0.62786,0.33214,1.19677,1.17074,1.56908,1.45014,1.21754,1.0436,0.37628,0.41532,0.68763,0.92859,0.72669,0.33077,0.54749,1.19146,1.42084,1.52812,1.49496,,0.22517,0.21075,0.51918,0.2925,0.15021,0.14204,0.24202,,0.2243,0.74975,0.19607
Tianjin University,China,Asia,0.55778,1.06572,0.61474,0.66811,1.38685,1.59711,1.66693,2.4709,0.20714,0.05281,0.29666,0.17384,0.64758,0.50858,0.65731,0.56926,0.56353,0.9387,0.75257,1.89329,0.15978,0.26477,0.30653,0.30642,0.64419,0.53395,1.08305,1.31405,0.08792,0.22552,0.39992,0.73832,0.99979,1.62061,0.29317,1.00728,0.92765,0.96962,1.50878,0.97863,1.04871,0.29511,0.23859,0.41394,1.21494,,,,0.06637,0.23438,0.07362,0.20898,,,0.15205,0.32201,0.60675
Stony Brook University,United States,North America,0.57082,0.67817,0.96965,0.75597,0.82391,1.38315,1.48254,1.84944,0.21427,0.19803,0.21673,0.75546,1.02826,0.80075,0.69227,0.37685,0.54461,0.73838,1.17052,1.3239,0.28408,0.60419,0.69335,0.56675,1.29949,0.53397,0.55695,0.79386,0.395,0.18229,0.57135,0.47196,0.83167,1.05655,0.41453,0.76986,0.11999,0.55273,0.40188,0.54926,0.89786,0.1182,0.50553,0.97807,1.09683,,0.23271,,0.10886,0.09739,0.13629,0.17055,1.21054,0.07094,0.52511,0.69213,1.30368
TU Wien,Austria,Europe,1.49249,1.17589,1.82248,1.98232,1.17077,1.64241,1.20898,1.23007,0.20745,0.10191,0.32948,0.13339,0.57489,0.22614,0.20982,0.33279,0.09351,0.16398,0.20866,0.33665,0.2134,0.31977,0.34298,0.45955,0.82861,0.05736,0.1538,0.13973,0.05994,0.50085,0.47988,0.60003,1.08016,0.39508,1.22886,0.8849,1.03303,1.25785,1.68479,0.7515,0.46419,0.44156,0.67613,0.68045,0.76877,0.14909,0.31574,0.2277,0.56647,0.36294,0.41592,0.48417,0.50007,,0.45759,0.73129,0.44109
University of Rochester,United States,North America,0.8652,1.22757,1.25577,1.14073,0.8401,1.12321,0.95276,1.37581,0.23919,0.54419,0.37702,0.91027,0.23622,0.24876,0.94098,1.07681,0.93824,0.75994,0.83514,0.73851,0.86097,0.71558,0.44957,0.47473,0.41053,0.66006,1.07078,0.67924,0.30704,0.90485,0.35906,0.67006,0.49858,0.65797,0.87825,0.17727,1.36863,0.39926,0.68131,0.6545,0.8588,0.56439,0.75364,0.84519,1.03892,,,0.20063,0.24157,,0.07731,0.10258,0.24839,,,,0.28382
Tongji University,China,Asia,0.97431,0.45473,0.38386,0.53244,0.7215,1.24543,2.00075,2.99153,0.19167,0.05281,0.10132,0.25846,0.54708,0.95272,0.40784,0.77228,0.74574,0.68405,0.81699,1.46851,0.27618,0.30018,0.33548,0.33935,0.42398,0.64222,0.4247,0.99202,0.14785,0.17933,0.06369,0.44698,0.9818,0.29841,1.41502,0.71497,0.08339,,0.65295,2.6392,1.21557,0.10323,0.12347,0.36867,0.92677,,0.64747,0.58779,0.44323,0.49351,0.4025,0.53153,,,0.2887,0.06403,0.57759
Univ. of California - Davis,United States,North America,0.30764,0.57095,0.79036,0.48573,0.95812,1.32984,1.32287,1.17194,0.52709,0.36711,0.61214,0.55225,0.71645,0.91994,0.30093,0.56797,0.69966,0.52645,0.37158,0.66922,0.40862,0.346,0.56792,0.67024,1.17539,0.2393,0.29036,0.57902,0.68779,0.69143,0.77453,1.20658,0.74661,0.09005,0.05581,0.09231,0.77013,0.12102,1.07187,0.59606,0.07579,0.71217,0.96405,1.0376,1.62625,,0.16303,0.35768,0.4783,0.7411,0.4654,0.37146,0.4844,,0.48841,0.46045,0.38522
Korea University,South Korea,Asia,0.29003,0.47733,0.86301,0.62225,0.90954,1.31532,1.26304,1.79181,,0.19803,0.31977,0.07699,0.18297,0.68005,0.72553,1.05344,1.4938,1.4679,1.56646,1.9729,0.24785,0.35932,0.68076,0.39241,0.78395,1.03245,1.04008,1.41758,0.13302,0.3309,0.04399,0.48861,0.53679,,0.0741,0.90392,0.28703,1.38182,0.69301,0.26411,0.81775,0.20546,0.62663,0.91246,0.70727,,0.19951,0.21075,0.22272,0.1255,,0.16804,0.09676,,0.58575,0.19209,0.23806
Ohio State University,United States,North America,0.36754,0.55691,0.71646,0.66247,0.71543,1.02443,1.18457,2.20317,0.10017,0.20158,0.48929,0.8461,1.04748,1.75543,0.16675,,0.15807,0.45729,0.76291,0.86793,0.11677,0.1467,0.4147,0.69807,1.29276,0.10475,0.10239,0.72198,0.7106,0.70304,0.74261,1.55876,1.46672,0.34515,0.0741,0.31133,0.11203,,0.54835,0.66514,0.24506,0.96213,1.15609,1.5174,1.72129,,0.09984,,0.09419,0.30207,0.08768,0.48876,0.50269,,0.57143,0.22461,0.27243
Czech Technical University,Czech Republic,Europe,1.00024,0.74664,0.99923,0.62648,1.20258,0.87325,0.90231,1.10247,,,0.1097,0.19193,0.22728,0.09849,1.85812,2.06659,1.8812,2.03894,1.71541,1.18303,0.09448,0.14117,0.1178,0.1127,0.10184,2.36305,2.40074,1.56081,,0.07413,0.44095,0.693,0.40148,0.72442,0.67224,0.62266,0.11203,,0.09558,0.21548,,0.91159,0.29244,0.7302,0.41634,0.06199,0.2223,,0.26941,0.29349,,,0.12988,,,0.19384,
Yonsei University,South Korea,Asia,0.08758,0.39728,0.82875,0.86882,1.1524,1.0329,2.06812,2.01988,0.07643,,0.12839,0.37505,0.42069,0.81223,1.17818,1.73683,1.55512,1.42412,1.3068,1.53684,,,0.36648,0.28797,0.36582,1.36868,1.11779,1.23098,0.16775,0.63977,0.37726,0.54937,0.67296,,0.35872,0.38317,0.35357,,0.38993,0.79234,0.38148,0.49421,0.85133,0.96438,1.00089,,0.19951,0.08636,,0.17679,,0.25413,,,0.10276,0.16095,0.10625
Hong Kong Baptist University,Hong Kong,Asia,0.5612,0.89268,0.73265,0.42009,0.97152,1.19231,1.65588,1.77814,0.17528,0.18397,0.10132,0.43416,0.5692,0.45229,0.70483,0.6878,0.60583,0.97636,0.73869,1.16511,0.19911,0.27732,0.19743,0.41363,0.7385,0.32451,0.90648,0.81358,0.34959,0.39151,0.48437,0.60746,0.99596,0.4023,0.95511,1.16025,0.16488,0.60341,0.63505,0.09881,1.33512,0.60421,0.43065,0.6409,0.92606,,0.30312,0.16189,0.25385,0.06734,0.43625,0.45785,0.40876,,0.41413,0.34479,0.57823
UNSW,Australia,Australasia,1.0504,1.13747,0.8676,1.15585,1.00337,0.95541,1.42085,1.97028,0.11812,0.07818,0.12305,0.13901,0.47025,0.57055,0.45825,0.27723,0.68902,0.70097,0.92926,1.10775,0.07318,0.05054,0.16907,,0.63661,0.23967,0.22314,1.11224,,0.23978,0.16777,0.8272,0.85665,1.40061,0.47238,1.04458,0.80349,0.15846,1.33985,1.10001,0.78087,0.58242,0.43212,0.86589,1.28278,,0.09984,,,,0.2252,0.52317,0.22664,,0.16637,0.13166,0.96889
University of Texas at Dallas,United States,North America,1.66412,0.69775,1.43569,0.49699,1.19749,1.07237,0.62253,1.49807,0.51957,0.33194,0.66076,1.20739,0.74411,0.73377,0.6168,0.79947,0.87296,0.9153,0.77603,0.66237,0.74786,0.59592,0.55929,0.8022,0.72532,0.61608,0.59767,0.42168,0.24084,0.36009,0.37952,0.3173,0.46821,0.33888,0.71543,0.12238,,0.04444,1.07251,0.45794,0.10731,0.52463,0.81536,0.7592,1.06378,0.10941,,,0.21136,,0.17658,0.15249,0.35653,,0.34095,0.06403,0.20691
TU Delft,Netherlands,Europe,0.74093,0.75735,0.42083,0.79392,1.10258,1.53423,1.28253,1.77795,0.22394,0.24713,0.17707,,0.18797,0.41904,0.29189,0.49167,0.81442,0.55898,0.50376,0.40801,0.13336,0.06782,0.17576,0.18596,0.60335,0.38037,0.33723,0.26592,0.26388,0.50111,0.46451,0.64033,0.56301,,0.38762,0.63985,0.16642,0.53774,0.12341,0.11071,0.78623,1.1309,1.57287,1.32688,0.78948,0.53811,0.49974,1.09035,0.99712,0.8936,0.90371,0.98083,0.22664,,,0.21982,0.63942
National Inst. of Informatics,Japan,Asia,0.53365,0.99604,0.86937,0.78572,0.92219,0.95933,1.35294,1.64928,0.03767,0.56554,0.45508,0.42402,0.50315,1.01925,0.85125,0.74465,0.81957,0.59753,0.39325,0.21613,0.13336,0.3938,0.58421,0.50686,0.73435,0.57358,0.32184,0.21061,0.44695,0.39547,0.56687,0.43437,0.86708,0.38177,0.44343,1.24678,0.37121,0.44189,0.5375,0.52823,0.32204,0.76396,0.55554,0.51173,0.89921,0.08203,0.17636,1.01433,0.20305,0.48615,0.40092,0.39873,0.12988,,0.13111,,0.39824
Weizmann Institute of Science,Israel,Europe,1.08244,0.36458,0.62543,0.39364,1.2277,1.2965,1.10692,0.86037,,,,,,0.16582,0.52657,0.66601,0.91854,0.77401,0.72532,1.15166,,,,,,0.73613,0.77897,0.66527,1.08999,0.90662,1.56019,1.52185,1.71681,0.40376,,0.40364,0.05439,0.2038,0.26476,0.26411,0.42094,1.80737,1.87929,2.24784,1.83756,,,0.08636,0.08283,,,,,,,0.06403,0.18997
RWTH Aachen University,Germany,Europe,1.07791,1.24858,1.40691,1.32109,1.01873,1.84393,0.94188,2.0362,0.48828,0.23536,0.45211,0.07699,,0.37344,0.48388,0.44277,0.27867,0.3758,0.2516,0.35757,0.49141,0.18414,0.11717,,0.20629,0.58222,0.48149,0.37163,0.39097,0.47703,0.48983,0.81134,0.72355,1.77553,0.67278,1.56089,0.5557,0.63686,0.45047,0.63484,0.13679,0.4358,0.94846,0.97962,0.92086,,0.18163,0.21075,,0.09739,,,,,,0.1084,0.34301
Jilin University,China,Asia,0.10227,0.44874,0.53906,0.27597,0.83112,1.33704,2.20178,2.59764,0.24693,0.07917,0.12305,0.1239,0.64932,0.46351,0.0466,0.11797,0.16857,0.45471,0.40973,0.97366,0.01419,0.10127,0.22268,0.09316,0.4461,,0.14745,0.33878,0.05071,0.52642,0.26985,0.90103,0.87795,0.1568,0.1442,0.12383,0.69502,1.38182,1.77862,1.58449,2.50913,0.13106,0.40189,0.35667,0.59307,0.06199,0.26924,0.05653,0.61689,0.37185,,0.60227,0.19353,,0.98455,0.32733,0.71851
Shenzhen University,China,Asia,0.18467,0.73418,0.41888,0.25415,0.47336,1.46578,2.44095,2.83498,0.03767,0.15472,0.27163,0.42222,0.19974,0.72744,0.53539,0.36745,0.6823,1.38623,1.04293,2.43722,0.0384,0.31363,0.08212,0.38104,0.52834,0.77435,0.8908,1.14491,0.05071,0.07013,0.09013,0.25712,0.65762,0.55241,0.14058,0.31133,,0.14634,0.25208,0.95916,0.77263,0.09556,0.33351,0.36408,0.76819,,0.12709,0.21042,0.10169,0.23894,0.40682,0.72713,0.21299,,0.26222,,0.61112
Xidian University,China,Asia,0.28745,0.34061,0.5769,0.35758,0.53576,1.41348,2.70679,2.37316,,,,0.07986,0.23281,0.68574,0.72404,0.59454,1.94007,1.93327,1.85828,1.33445,,,0.29266,0.04533,0.37899,0.55269,1.13646,1.1435,0.29979,0.35322,0.29399,0.4196,0.89961,0.68644,0.14253,0.05055,0.13871,0.52606,0.43852,1.31121,0.05917,0.19414,0.5136,0.50312,0.69695,,0.04334,,0.13161,0.19305,0.13424,0.10958,,,,0.07746,
IST Austria,Austria,Europe,0.70123,0.67452,0.61385,0.78073,1.25084,1.10716,0.90818,0.90584,0.05105,0.06317,0.19729,0.37175,0.36514,0.52594,0.44421,0.49034,0.52785,0.60157,0.84728,0.64207,,0.17294,0.40873,,0.35746,0.56382,0.57522,0.43617,1.13928,0.95453,1.05426,1.21733,1.44564,0.23959,0.15576,0.45274,0.11205,0.16204,0.33087,0.76177,0.61995,1.26183,1.38925,1.67855,1.49271,,,0.206,,0.12571,,,,,,0.06403,0.10625
University at Buffalo,United States,North America,0.4388,0.79213,0.94837,0.76365,0.88361,0.87807,1.24192,1.43791,0.28205,,,0.19763,0.33256,0.51185,0.57987,0.71334,0.60436,0.8373,1.25377,1.03692,0.1101,0.16454,0.09774,0.16348,0.39126,0.49336,0.55927,0.97539,0.62041,0.32672,1.03239,1.43959,1.17817,0.38177,,1.33619,,0.13069,,1.04542,0.19597,0.57215,1.04535,1.31369,1.20798,,,,0.04034,,0.09246,0.20168,,,0.23524,0.07746,0.35301
ShanghaiTech University,China,Asia,0.05283,0.429,0.52125,0.62489,0.65845,1.62511,1.10825,1.66775,0.47762,0.27392,0.26541,0.15922,0.43405,0.33978,0.604,1.06784,1.63953,2.16304,1.95501,1.77925,0.10263,0.10512,0.35591,0.1396,0.31505,0.83476,1.21076,1.37778,,0.04411,0.12021,0.22242,0.44536,0.3546,0.59614,0.04321,,,0.26476,1.38075,0.37553,0.31394,0.6577,0.66063,0.81681,0.06199,0.14774,0.08071,0.09429,0.14696,0.0511,,0.25976,,,,0.08372
Soochow University,China,Asia,0.54643,0.86367,1.52848,0.6233,0.47605,0.94492,1.26595,1.60402,1.5214,1.16051,0.93424,0.49784,1.03292,1.4319,0.13301,0.12507,0.20865,0.20486,0.48594,0.3429,1.55011,0.87769,0.88003,0.46564,0.84782,0.06423,0.28801,0.17566,,,0.04399,0.05403,0.12581,0.13962,0.51025,0.34764,0.87864,,,0.2411,0.41985,,0.03518,0.20048,0.18014,,0.45794,0.31563,0.74792,0.64059,0.13151,0.11209,,,1.304,0.58541,0.95629
University of Minnesota,United States,North America,0.36595,0.82056,0.47637,0.19831,0.56711,0.79297,1.46779,1.0217,,,0.33945,0.23838,0.66984,0.96712,0.34256,0.71516,0.6218,0.64865,0.66355,0.59763,0.19101,0.18443,0.51614,0.30469,1.31221,0.24418,0.60863,0.49836,0.30078,0.60181,0.3291,0.85141,0.73039,0.4892,0.22229,,0.20834,0.19702,0.38199,0.41938,0.48852,0.56281,1.04245,1.25868,1.01199,,0.6057,,0.49669,0.46681,0.12224,0.42168,0.88696,0.58635,0.25776,0.58867,0.50804
Macquarie University,Australia,Australasia,0.61455,0.92044,0.18718,0.15499,0.43417,1.10489,0.9359,1.65578,0.74459,0.53951,0.45479,0.34871,0.43182,1.01135,0.33868,0.28641,0.47205,0.43668,0.36248,0.41807,0.14635,0.66268,0.55721,0.11928,0.37752,0.12188,0.22483,0.30013,0.11065,,0.15832,0.22687,0.32045,0.27621,1.93527,,0.16149,1.33305,,1.05116,0.22736,0.18445,0.30307,0.05727,0.30842,,0.48963,0.33029,0.79035,0.9521,1.05938,0.53205,0.53319,,1.11981,1.04929,1.30408
University of Sydney,Australia,Australasia,0.21102,0.4537,0.52193,0.51595,0.70849,1.41888,1.19138,1.36118,0.0774,0.24968,0.24968,0.14911,0.30774,0.58167,0.47401,0.64395,0.77725,1.15801,0.69053,1.22823,0.11677,0.15009,0.24923,0.33623,0.33173,0.39338,0.51019,1.03029,0.49593,0.78166,0.52347,0.95937,1.25439,0.46352,0.1446,,0.46562,,0.88168,1.00888,0.66962,1.15975,0.98648,0.96493,0.60484,,0.02629,,0.08283,,0.06774,0.11102,0.37427,,0.17594,0.04077,0.73092
Xi'an Jiaotong University,China,Asia,0.3695,0.59699,0.76089,0.72151,0.77232,1.00787,1.398,1.37976,0.04346,0.15842,0.34519,0.12724,0.50455,0.91289,0.9041,1.07719,0.92763,0.88793,0.91334,1.16904,0.11677,0.05054,0.05859,0.27532,0.26498,0.79977,0.57886,1.00411,,0.19928,0.29734,0.53058,0.67771,,0.11162,0.09231,0.44668,1.33916,1.05969,0.64236,0.79178,0.51206,0.29969,0.45677,0.89733,,,0.38692,0.09338,0.25224,0.30615,0.39384,0.05078,,0.33799,0.2207,0.46634
Cardiff University,United Kingdom,Europe,0.33541,0.9131,1.04465,0.78295,0.71832,0.78206,0.58811,0.94943,0.36192,0.46441,1.0435,0.80948,1.04849,1.36127,0.38317,0.54502,0.48976,0.4004,0.52748,0.39407,1.14873,0.99834,1.35571,1.41266,1.91673,0.19149,0.48455,0.40657,0.05071,0.37925,0.10606,0.12217,0.27234,0.91535,,0.31133,,0.55273,0.4536,0.54769,0.32204,0.13513,0.16923,0.24748,0.21484,,,,0.16566,0.42092,,0.37331,,,0.26222,0.07746,0.15552
University of Utah,United States,North America,0.43346,0.83462,0.34806,0.69286,0.58114,0.48989,0.76056,0.60033,0.38606,0.3103,1.17915,0.5032,0.57387,0.75777,0.70095,0.55657,0.65786,0.6442,0.74206,0.41819,0.97174,0.80345,0.56559,0.69549,0.68522,0.77666,0.44259,0.61271,0.35149,0.47244,0.63276,0.51467,1.10135,,0.103,0.41716,,0.45239,0.49858,0.08629,0.46419,0.75786,0.92129,1.23313,0.89156,,,0.16519,0.13524,0.15575,0.22769,,0.09676,,,0.06403,0.33871
Queen Mary University of London,United Kingdom,Europe,0.82249,1.08,1.11066,0.96284,1.18225,0.92708,0.86665,0.70872,0.32575,0.33567,0.26227,0.29007,0.36904,0.18782,1.02914,0.76705,0.55867,0.52992,0.47653,0.69006,0.45157,0.23172,0.61436,0.27968,0.11392,0.75577,0.40147,0.40238,0.31527,0.11607,0.18978,0.14274,0.29156,0.84915,1.25293,1.00361,1.05714,,0.78074,0.90775,0.2441,0.45384,0.43721,0.43389,0.30125,,,0.22854,0.08283,0.27418,0.24447,0.04509,0.28709,,0.05792,0.18384,0.19136
Aalto University,Finland,Europe,0.61282,1.07766,0.82965,0.87038,1.05448,1.22367,1.18715,1.04453,0.06141,0.04523,0.20263,0.15398,0.36732,0.04918,0.92112,0.92417,0.82485,0.72788,0.61209,0.94659,,0.1224,0.06819,,0.1106,0.71375,1.00745,0.67693,0.50754,0.60861,0.91705,0.8839,0.99264,0.37012,,0.19541,0.13088,0.19702,,0.3504,0.41069,1.08373,0.88248,1.17836,1.1712,,0.15074,,0.21614,0.07961,,0.03505,0.30246,,,,
Washington University in St. Louis,United States,North America,0.62888,0.91453,0.48151,1.11223,1.0946,1.33849,1.3659,1.41976,,0.07934,0.14929,0.10557,0.21822,0.32608,0.39848,0.09791,0.13137,,0.27547,0.14438,0.31079,0.26843,0.12766,0.43417,0.6603,0.30254,0.19364,0.35451,0.98608,0.61428,0.69228,1.3158,0.8758,0.27621,0.22986,0.24477,0.69144,0.37394,0.33908,0.58841,0.62033,0.70979,1.06056,1.28223,1.23935,,,0.08636,0.15636,0.05836,0.12224,,0.19032,,0.08319,0.49643,0.27382
University of Macau,Macau,Asia,0.35611,0.7774,0.74121,0.60748,0.94501,1.41688,1.23467,1.73075,0.09354,0.12266,0.21101,0.42156,0.34089,0.57744,0.53453,0.71272,0.81966,0.9462,0.7382,1.12871,0.1966,0.41076,0.26221,0.26464,0.51287,0.36727,0.75936,0.99902,0.1143,0.11147,0.29023,0.26848,0.80467,0.10556,0.37439,0.07328,0.78599,0.31737,0.30293,1.47188,0.90883,0.12357,0.1742,0.30102,0.52676,,,0.08636,0.08283,0.05836,0.09246,0.03948,0.03116,,,0.28076,0.31945
Shandong University,China,Asia,0.82551,0.5066,0.5552,0.24213,0.57548,0.594,1.27789,1.68571,0.1597,0.10191,0.4914,0.3637,0.57013,0.71824,0.08179,0.21774,0.11484,0.33135,0.38443,0.54633,0.0597,,0.26435,0.62206,0.51745,0.31123,0.38607,0.35269,0.14662,0.11147,,0.1123,0.19117,0.14809,1.47279,1.0459,0.31391,,0.47709,0.24074,0.32204,0.11271,0.07046,0.42497,0.1956,,1.23825,1.13525,1.22465,0.58086,1.03399,0.96871,0.12272,,0.2143,0.35643,0.47565
Sichuan University,China,Asia,0.08662,0.12842,0.73701,0.34444,0.22584,0.94997,1.59475,2.39104,0.33438,0.1914,0.37397,0.68493,0.47246,0.36661,0.38338,0.34668,0.61783,0.70882,1.06159,1.1979,0.12271,0.44057,0.23522,0.04533,0.29974,0.261,0.3865,0.76881,0.28079,,0.19918,0.39677,0.80979,,0.56924,0.36188,,0.08888,0.29868,1.17704,1.42001,0.07962,0.26922,0.4488,0.62239,,,0.68661,0.67171,0.06734,0.47878,0.47128,,,0.15205,0.16846,0.05678
Griffith University,Australia,Australasia,0.21703,0.56336,0.47294,0.58142,1.13266,0.81253,1.06406,1.23271,,,,,0.40048,0.42417,0.09754,0.15366,0.1338,0.36068,0.30321,0.34507,0.28344,0.05784,,0.13259,0.39125,0.11958,0.21806,0.17741,0.05071,,0.17041,0.26454,0.65672,0.44685,0.61948,0.81306,0.96957,1.3697,1.02631,2.22212,1.16939,0.11271,0.27977,0.41596,0.63636,,0.17603,,0.41055,0.3965,0.55354,0.52535,0.25488,,0.82416,0.68027,0.63371
University of Notre Dame,United States,North America,0.60152,0.89579,0.62634,0.3814,1.02429,0.48339,0.9028,1.79577,0.22006,0.37005,0.36838,0.30428,0.87748,0.92239,0.2077,0.08047,0.07341,0.14586,0.07655,0.37852,0.28296,0.61634,0.59844,0.38415,1.20921,0.04053,,0.22912,0.05071,0.13459,0.2099,0.44731,0.56389,0.46016,0.26556,0.43462,0.43968,0.62387,0.54853,0.36479,0.67272,0.23774,0.52632,0.44378,0.42832,,0.48572,0.27616,0.35873,0.33545,0.20638,0.11844,0.73397,0.09637,0.73237,0.45735,0.4767
Oregon State University,United States,North America,0.60837,0.70614,0.88484,0.94015,0.42476,0.808,0.73004,0.96287,0.33935,0.42802,0.26283,0.40611,,0.20001,1.07022,0.87612,0.44107,0.7857,0.42724,0.52999,0.97857,0.21094,0.06819,0.37468,0.40495,0.94599,0.66617,0.91694,0.34655,0.07413,0.26936,0.57057,0.87419,0.21112,0.48862,0.07328,0.22082,0.10203,0.26476,0.3504,0.51264,1.03581,0.87549,0.28966,0.74453,0.10941,,0.15508,0.22552,0.09739,,,0.19124,0.24107,,0.07746,0.13181
University of Technology Sydney,Australia,Australasia,0.50514,0.6479,0.75018,0.63966,0.85734,0.87259,1.08968,1.13332,0.10017,0.16277,,,0.33979,0.46625,0.27754,0.13593,0.16795,0.21368,0.34276,0.41958,0.14488,0.16889,,0.08181,0.1923,0.34246,0.25899,0.47533,0.05994,0.22294,0.07405,0.16794,0.26049,1.28899,0.56924,1.10392,1.34776,0.66605,0.8306,0.96596,1.26434,0.06973,0.63098,0.64883,0.52946,,0.11773,0.19792,0.04034,0.16452,0.20725,0.34594,0.12272,,0.70704,0.30787,0.73982
Ben-Gurion University of the Negev,Israel,Europe,1.56614,0.8654,2.08001,1.25591,1.26548,0.95074,0.83564,0.95801,0.10583,0.3077,0.12979,0.12064,0.052,0.05499,0.23387,0.07047,0.05795,0.13814,0.1715,0.16808,0.18424,0.33097,0.1283,0.3218,0.64344,,,0.2668,,0.52666,0.27884,0.54156,0.52955,1.51325,0.59363,1.62249,0.28703,0.60997,0.16036,0.99195,0.39246,0.43259,0.2061,0.81074,0.33281,,,,,0.37649,0.36671,,,,,0.19384,
Virginia Tech,United States,North America,0.13184,0.19647,0.73734,0.21913,0.5917,0.89125,0.955,1.83004,,,0.50916,0.37165,0.66932,0.76345,0.07204,0.24161,0.53752,0.73598,0.50357,0.60538,0.13288,0.17072,0.37648,0.38261,0.65163,0.21042,0.13509,0.47954,0.37691,0.14954,0.58227,0.28517,0.8792,0.71919,0.1771,0.02887,0.15073,0.11857,,1.22735,0.48653,0.34956,0.56768,0.77222,0.95499,,0.16107,0.32697,,0.20532,0.16505,0.08014,0.43871,0.53547,0.23387,0.28261,0.44251
National Taiwan University,Taiwan,Asia,0.24241,0.67111,0.85892,0.39085,0.53494,0.71797,0.87198,1.01817,0.75476,0.25827,0.49845,0.65679,0.47706,0.74044,0.5912,0.63349,0.86905,0.60567,0.26744,0.72429,0.41018,0.57704,0.47523,0.56626,0.53341,0.56281,0.92841,0.32138,0.27964,0.09576,0.23316,0.10903,0.18717,0.0784,0.85385,0.62266,0.11203,0.07413,0.50651,,0.23874,0.25937,0.49648,0.40053,0.58158,,0.22953,0.13536,0.51602,0.29352,0.28969,0.20452,0.14754,,,,0.08372
Michigan State University,United States,North America,0.35513,0.47801,0.85074,0.70985,0.9587,0.73655,0.80161,1.15341,,0.09434,0.05599,,0.17966,0.62501,0.54033,0.38222,0.92564,0.934,0.54943,0.59014,0.23416,0.28226,0.03852,0.08833,0.35667,0.30322,0.13543,0.96006,0.17101,0.34406,0.34584,0.65162,0.64805,0.13016,,0.40364,0.07981,0.05656,0.16259,0.50833,0.07579,0.56681,0.5956,0.80977,0.84194,0.06199,0.40083,0.24488,0.36143,0.48863,0.2755,0.36067,0.2237,,0.3447,0.61686,0.59379
INSAIT,Bulgaria,Europe,0.26447,0.45578,0.42699,0.64007,0.67897,0.79383,0.68524,0.97093,,0.06317,0.04364,0.14085,0.2132,0.37038,1.11391,1.09367,0.99765,1.03919,1.00513,1.02823,,0.04056,0.06819,0.08181,0.26373,0.95867,1.08581,0.93035,0.22298,0.05101,0.37979,0.36511,0.36811,0.15513,0.52448,0.05055,0.46318,0.52496,1.11992,0.53964,0.40849,0.4351,0.7527,0.55849,0.75811,,,,0.08283,,0.05552,,,,,,0.05678
Indiana University,United States,North America,0.03213,0.50917,0.7527,0.21717,0.69115,1.03302,0.66337,0.99495,0.27874,0.02812,0.08365,0.64876,0.56744,0.54963,0.27905,0.45322,0.11937,0.61157,0.71175,0.7806,0.27776,0.15009,0.40426,0.35246,0.6784,0.16665,0.43594,0.4927,0.74314,0.46324,0.61009,0.80957,0.47439,0.10556,0.28462,,,0.04444,0.26476,0.48405,0.17732,0.77097,0.90042,0.59721,1.13172,,0.04334,0.08636,,,,0.04509,0.15163,0.24107,0.24481,0.80443,0.69934
Sapienza University of Rome,Italy,Europe,0.15254,0.85686,0.44464,0.58309,0.4903,0.50528,0.67955,0.69536,0.27876,0.37255,0.58969,0.35305,0.56473,0.90202,0.49059,0.36317,0.47485,0.3759,0.39273,0.62193,0.44306,0.10512,0.34655,0.36783,0.59343,0.17581,0.22905,0.28429,0.09445,0.19504,0.31228,0.29686,0.58832,0.3546,0.46172,0.53481,0.08417,0.1927,0.05308,1.49412,0.17732,0.0532,0.39973,0.74463,0.55085,,0.33334,,,,0.3608,0.43929,0.56539,0.35031,0.38145,0.22498,0.37994
SUSTech,China,Asia,1.11648,0.68873,0.37866,0.22992,0.67643,0.6539,1.12255,1.94462,0.22021,0.1234,0.07941,0.29814,0.51328,1.49022,0.29758,0.12807,0.7185,0.5719,0.57642,1.12362,0.17695,0.12659,,0.44087,0.58222,0.09901,0.36938,0.53248,0.05994,0.05101,0.08211,0.49568,0.61577,0.44574,0.103,0.33707,,0.07413,0.15051,0.54224,0.87692,0.14072,0.29212,0.10106,0.70616,,0.09984,0.22854,0.17816,0.1489,0.21369,0.10005,,,0.2787,0.28827,0.24259
SUTD,Singapore,Asia,0.2635,0.42032,0.48872,0.43898,0.32209,0.61465,0.92498,1.20594,0.36758,0.32475,0.49124,0.42366,0.86551,1.3713,0.28481,0.04592,0.2534,0.16977,0.39155,0.90015,0.39541,0.47535,0.71754,0.62456,0.89867,,0.28177,0.34478,,0.14677,,0.39551,0.53095,0.67564,,0.44805,0.74907,,0.50106,0.65327,0.71058,0.39618,0.06302,0.28906,0.61188,,0.07619,0.05653,0.15842,0.19284,0.07362,0.3294,,,0.06886,0.3226,0.29201
NWPU,China,Asia,0.38121,0.98323,0.89046,0.43718,1.00907,0.83365,1.35314,1.70782,0.33448,0.06317,,,0.18797,0.22371,0.77312,1.2817,0.91649,1.00139,0.72842,1.08022,0.0597,,,0.05078,0.03496,0.51555,0.7362,0.69284,0.0388,0.17397,0.05203,0.12531,0.20806,0.50415,0.46623,0.49595,0.28703,,,0.29022,1.3366,0.31688,0.22722,0.05727,0.35545,,,0.18298,,0.1255,0.10545,0.03948,0.15163,,,,0.10625
Universidade de Lisboa,Portugal,Europe,0.93657,0.85081,1.03607,0.55681,0.98165,0.86831,1.34653,0.68403,0.48719,0.53397,0.90075,0.6309,0.37267,0.55676,0.12322,0.09791,0.10163,,0.10578,0.16144,0.96061,0.10765,0.35282,0.82463,0.7704,0.12606,0.01,0.13973,0.48279,0.18624,0.54226,0.617,0.31359,0.23353,0.39457,0.47365,0.35455,0.67219,0.08018,0.08629,0.41069,0.43536,0.50207,0.05861,0.321,,,0.08636,0.10886,0.1255,0.09246,0.20201,0.0427,,0.25776,,0.06817
Univ. of California - Riverside,United States,North America,0.08662,0.78887,0.56844,0.35272,0.37657,0.99149,1.32005,1.29407,0.24349,0.24325,0.30977,0.31827,0.45415,0.33777,0.25931,0.59281,0.5041,0.72325,0.86098,0.51303,0.20653,0.1874,0.20892,0.20938,0.36403,0.45806,0.18555,0.66045,0.29177,0.39207,0.38356,0.48977,0.64944,,0.05581,0.29965,,,0.31785,0.13272,0.34938,0.37516,0.53257,0.33845,0.99479,,,0.29711,0.08283,,0.12224,,0.62595,,0.16637,0.26955,0.43816
IIT Bombay,India,Asia,0.38761,0.3718,0.46447,0.71057,0.46742,0.8735,0.96807,0.53277,,0.34046,0.2917,,0.12876,0.89856,0.12052,,0.2259,0.4327,0.35735,0.19005,0.28802,0.48181,0.22167,0.54061,0.32184,0.26669,0.09013,0.19152,0.41271,0.90073,0.9263,0.60806,0.79748,0.30503,,0.12238,0.08417,,0.12829,0.197,0.27359,1.055,0.63294,1.20231,0.90275,,0.07619,,,,0.18491,0.16131,0.06136,0.68237,0.26222,0.12769,0.16744
University of Liverpool,United Kingdom,Europe,1.90755,1.53075,1.45625,0.69074,0.91219,1.16046,1.27931,0.9929,0.07643,,0.07941,,0.3485,,,,0.03648,0.07554,,0.09003,0.28344,0.2487,0.08212,0.43661,0.04931,0.05736,0.03585,0.11728,0.22917,0.21379,0.10276,0.40239,0.14963,0.47704,0.89741,0.46258,1.09486,0.94202,0.79034,0.64328,0.13679,0.28872,0.5259,0.40568,0.35276,,,,0.08283,,,,,,,0.18384,
University of Colorado Boulder,United States,North America,0.28116,0.71932,0.19492,0.50102,0.46817,0.74411,0.5366,0.75902,0.3783,0.34026,0.509,0.17089,0.4612,0.57487,0.14131,0.22994,0.14971,0.05989,0.1575,0.18995,0.6614,0.51477,0.55047,0.60724,0.52976,0.05736,0.27374,0.08458,0.36321,0.20786,0.6125,0.44066,0.4185,,0.35872,0.40364,0.33787,0.47428,,0.21253,0.24023,0.74347,0.66747,0.81422,0.72469,,0.14301,,0.19885,0.18636,0.0511,0.05244,0.71059,,0.13111,0.41477,0.29377
University of Zurich,Switzerland,Europe,0.50243,0.43714,0.3372,0.49029,0.69833,0.36592,0.51841,0.61461,0.64934,0.81881,0.91525,0.59599,0.29621,0.60407,0.33867,0.24016,0.42482,0.58334,0.64604,0.4966,0.79071,0.69062,0.64686,0.5948,0.43677,0.36723,0.38097,0.65566,0.33551,0.09576,0.23358,0.35319,0.66106,,0.103,,0.70493,0.22479,0.10552,,,0.12432,0.2975,0.34048,0.5264,,,,,,,0.06249,0.14754,0.07094,0.25776,,0.06817
University of Glasgow,United Kingdom,Europe,,0.4874,0.3686,0.11055,0.17953,0.37678,0.37215,0.45022,0.06141,0.19045,0.25862,0.16943,,0.37335,,0.13776,,,0.08873,0.09339,0.24785,0.27219,0.23933,0.40038,0.33245,,0.03984,0.06142,,0.17933,0.03006,0.05559,0.06348,0.19947,,0.31133,,0.35637,0.17302,0.11071,0.13679,0.0532,0.27456,0.13527,0.14844,0.03461,2.05729,0.74366,2.06054,1.54281,1.53507,2.99354,0.65033,,0.56347,,
McGill University,Canada,North America,0.13041,0.18433,0.29948,0.47119,0.50832,0.27496,0.53586,0.50081,0.67706,0.5726,1.02698,0.42069,0.41914,0.92555,0.07629,0.07047,0.32065,0.19641,0.22318,0.18875,0.32183,0.6874,0.68434,0.58787,0.94429,0.13045,0.03952,0.06142,0.42237,0.52749,0.54099,0.68904,0.38575,,0.1771,,0.08417,0.17603,0.10552,0.26411,,0.61047,0.63211,0.97396,0.96494,,,0.2648,0.055,0.39968,0.06062,0.21357,,,0.17594,0.19172,0.14874
IIIT Hyderabad,India,Asia,0.38409,0.27411,0.4097,0.30553,0.65199,0.60842,0.74947,0.84378,,0.24905,0.28035,0.49852,0.33802,0.64246,0.37131,0.64655,0.66433,0.74323,0.58143,0.60694,0.39648,0.15566,0.40648,0.43702,0.82859,0.29999,0.64902,0.75492,0.16775,,0.30552,0.28059,0.25321,0.0784,0.05581,,,0.48128,0.84166,0.26598,0.16449,0.2395,0.32896,0.55286,0.29411,,0.20424,0.13743,0.10169,0.17679,0.07362,0.12166,0.09676,,0.26222,0.07746,0.08372
Beijing Jiaotong University,China,Asia,0.07644,0.63741,0.38892,0.49708,0.33502,0.38049,0.74846,1.43425,0.1435,0.25101,0.27626,0.24111,0.08396,0.23804,0.59442,0.74557,0.58443,0.62335,0.7406,1.02488,0.41255,0.32772,0.31213,0.09792,0.24468,0.65933,0.57747,0.9034,,,0.06369,0.27878,0.71578,,,0.31133,0.16318,0.27636,0.26476,1.19002,0.29965,0.1219,0.20913,0.16849,0.20234,,,,0.22272,,,0.05244,,,0.42413,,
University of Trento,Italy,Europe,0.72379,0.74284,0.4507,0.34132,0.36779,0.63564,0.69506,0.49715,0.43645,0.39831,0.48246,0.21454,0.08396,0.19823,0.59453,0.7768,0.52938,0.6403,0.62837,0.72591,0.33428,0.56999,0.39031,0.06767,0.56432,0.51095,0.67868,0.38107,0.10142,0.19928,0.22883,0.21525,0.19655,0.37754,0.103,,0.11203,,0.26476,0.3077,0.08866,0.09556,0.40691,0.60532,0.43037,,0.14301,,0.29419,0.07961,,0.24455,0.22951,,0.10276,,
Emory University,United States,North America,0.13041,0.30545,0.42276,0.28322,0.30958,0.47268,0.72247,0.87939,0.17338,0.35292,0.31896,0.07098,0.91494,0.60638,,0.09479,0.04142,,0.27501,0.17044,0.2845,0.48106,0.21249,0.24298,0.86779,0.04053,0.10239,0.10914,,0.10456,0.16228,0.21644,0.3926,0.13962,0.08639,0.06016,0.45346,,0.42825,0.45846,0.45405,0.08958,0.22074,0.52275,0.41704,,0.71612,0.3282,0.46692,0.80786,0.31929,0.33484,0.34844,,0.16637,0.67874,0.94731
Univ. of California - Merced,United States,North America,0.31482,0.49418,0.60609,0.45625,0.98761,0.67239,0.69224,0.6827,,,0.05599,0.04511,0.11578,0.10527,0.66706,0.79953,0.83533,0.57789,0.79193,0.56389,0.24179,,,0.15131,0.1587,0.69717,0.68494,0.59299,0.18374,0.57235,0.1852,0.44918,0.31621,0.04936,0.04319,0.34348,0.56217,0.46029,0.41654,0.36204,,0.60945,0.55514,0.5658,0.45753,,,,,,,,,,,0.04669,
York University,Canada,North America,,0.4881,0.34208,0.38244,0.66336,0.76256,0.79806,0.63362,,,0.1503,0.12064,0.12876,0.11192,0.75773,0.93308,0.91128,1.00114,0.95867,0.47777,,,0.15031,0.04533,,1.35871,0.69502,0.77791,0.07331,0.07413,0.11573,0.06658,0.34473,0.0784,0.103,0.20247,0.2349,0.15846,0.38374,0.24657,,0.28527,0.53416,0.55608,0.40089,0.08203,0.3483,0.24144,,0.09739,0.07362,,0.2057,,0.13111,,0.19867
TU Berlin,Germany,Europe,0.5196,0.51417,0.43993,0.79362,0.5452,0.33239,0.53792,0.21346,,,0.10132,,0.08396,0.0221,0.20063,0.40187,0.60023,0.3956,0.32713,0.72202,,0.14011,,0.08181,0.06314,0.40171,0.55689,0.54809,0.9448,0.25348,0.52895,0.5411,0.85386,0.0784,0.04319,,0.32037,0.4127,0.15861,0.197,0.77705,0.75894,0.77061,0.90505,0.9864,,,,0.06637,0.09739,,,0.12988,,0.25913,0.12894,0.11625
George Mason University,United States,North America,0.28399,0.65588,0.06666,0.41403,0.5437,0.44317,0.48165,1.3305,0.18319,0.45316,0.22506,0.19909,1.05225,0.93815,0.13772,0.12119,0.14306,0.25151,0.13028,0.43532,0.32816,0.37417,0.52746,0.77648,0.88584,0.20648,0.10126,0.34483,0.14516,,0.04399,0.27002,0.35752,0.32557,,0.05055,0.05439,0.1019,0.10552,0.3165,0.11986,0.42353,0.49464,0.30405,0.35291,,,0.36326,0.27763,0.177,0.15307,0.26145,0.06798,,0.17594,0.35479,0.53276
University of Bonn,Germany,Europe,0.30328,0.42748,0.44696,0.46986,0.23905,0.66997,0.15621,0.61209,,0.17277,0.12979,,0.08396,0.07301,0.71538,0.77863,0.86865,0.57254,0.58566,0.28067,0.13808,0.55525,0.49149,0.33065,0.07385,0.7308,0.56497,0.61914,0.18351,,0.34364,0.55521,0.39036,,0.04319,0.17727,0.15073,0.45239,0.05308,0.11071,0.64407,0.21013,0.18788,0.40367,0.79298,,,,0.38077,0.31243,0.06062,,,,0.39715,0.5643,0.17442
Beijing Institute of Technology,China,Asia,0.25624,0.20386,0.59345,0.29548,0.37362,0.66896,1.09109,1.62111,0.10488,0.25591,0.25008,0.16158,0.06736,0.21164,0.35209,0.34845,0.7538,0.838,0.77863,1.03698,0.10349,0.15009,0.16926,0.23057,0.31732,0.24598,0.61734,0.6642,,,0.10767,0.42856,0.37995,0.0784,0.03396,0.06016,0.08417,0.37826,0.31785,,,0.11271,0.15598,0.32318,0.42569,,,0.13816,0.15636,0.06734,0.24553,0.05244,0.09676,,0.46773,0.22504,0.50771
University of Queensland,Australia,Australasia,0.10971,,0.60603,0.34742,0.60837,0.37185,0.71137,0.61725,,,,0.04511,0.0694,0.12522,0.17173,0.18147,0.39373,0.10305,0.34775,0.22844,,,0.11717,0.22896,0.21085,0.15856,0.32441,0.24091,0.03144,0.07413,0.14003,0.06658,0.48123,,,0.37356,0.20058,0.47409,0.26476,0.12037,0.1906,0.08807,0.06302,0.3232,0.3492,,0.87667,0.82742,1.19214,1.54444,0.78964,1.24324,,,0.25913,0.59572,0.44904
IISc Bangalore,India,Asia,0.73927,0.83386,0.52416,0.87038,0.86268,0.53673,1.31014,0.70424,,0.05281,,,0.29791,0.08809,0.2552,0.42826,0.18539,0.49673,0.30669,0.25318,0.07318,0.13563,0.11717,0.23674,0.1587,0.4734,0.6005,0.34305,0.43234,0.23162,0.37725,0.45986,0.42302,0.08437,0.44038,,0.21479,0.30569,,0.37482,,0.64051,0.39228,0.59663,0.20328,,,,0.15636,0.22289,0.12224,,,,0.25776,,0.14188
King's College London,United Kingdom,Europe,1.2614,0.39099,0.6938,0.28328,0.59838,0.42853,0.54923,0.96987,0.24851,0.36698,0.24114,,0.55215,1.18576,,,0.26616,0.12964,0.06054,0.08549,0.1101,0.32924,0.43597,0.34958,0.61024,0.11471,0.09013,0.23997,0.07331,,0.09375,0.15814,0.08074,0.33909,0.50019,0.31133,0.50778,0.22047,0.75945,1.05353,0.32204,0.27114,0.32189,0.34989,0.13142,,,0.05653,0.26661,0.05836,0.09246,,0.28709,,0.06886,,
University of Birmingham,United Kingdom,Europe,0.30328,0.2536,0.2058,0.25415,0.67852,0.71428,1.13415,1.03378,,,0.05599,,0.14898,0.04918,0.40279,0.62793,0.42582,0.75217,0.36999,0.45091,0.13336,,,,0.10706,0.67127,0.47499,0.7017,0.37241,0.36684,0.23147,0.25295,0.24827,0.1568,0.0741,0.16559,0.08417,0.27636,0.37029,0.42125,0.97147,0.26658,0.51506,0.50517,0.64199,,0.14301,,,,,,,,0.10276,0.18384,0.27507
University of Helsinki,Finland,Europe,0.60092,0.60481,0.64453,0.35796,0.28661,0.74476,0.36274,0.45023,0.1435,,,,0.1286,,0.23592,0.16495,0.17056,0.17385,,,,0.2487,,,,0.17199,0.10874,0.18745,0.26847,0.57777,0.54281,0.68282,0.71948,0.55241,0.28462,0.31805,0.22406,0.34269,0.08018,0.45794,0.10731,0.62108,0.77989,0.5906,0.58796,,0.09984,,0.17816,0.37157,0.17658,0.25413,0.37418,0.53547,0.30124,0.12806,0.27822
Saarland University,Germany,Europe,0.3823,0.85082,0.56463,0.27714,0.9432,0.5832,0.44907,0.44924,0.33998,0.53466,0.67856,,0.26247,0.18804,0.06235,0.31305,,0.05989,0.11096,0.04011,0.72557,0.6652,0.67047,0.93844,0.74647,0.15918,0.23585,0.10914,0.28719,0.15334,0.27548,0.42985,0.36273,0.15492,0.21157,0.50028,0.28703,0.15846,,0.11071,,0.24984,0.19126,0.38916,0.2113,,0.17603,0.04762,,,0.06062,0.07704,0.29356,,,,0.10625
RMIT University,Australia,Australasia,0.31365,0.38334,0.24127,0.19928,0.14797,0.49249,0.3699,0.98922,0.10017,0.08854,0.43812,0.38925,,0.1611,,0.08184,0.10345,0.03434,0.14473,0.18788,0.12546,0.26404,0.40237,0.24807,0.08941,0.0731,,0.25196,0.13325,,0.12021,0.08774,0.27529,0.16678,1.03547,0.18462,,0.27636,0.24985,0.98181,0.96611,,0.08413,0.1435,0.26101,0.32823,0.7038,0.88955,0.86671,0.32006,0.30251,0.68797,0.19032,0.12966,,0.28261,0.06817
University of Texas at Arlington,United States,North America,0.34851,0.32918,0.60425,0.58,0.51867,0.53716,0.5834,0.53075,0.24059,0.06317,,0.41358,0.40103,0.57946,0.08779,0.24314,0.24831,0.23409,0.21107,0.18645,0.36354,0.47668,0.15568,0.60254,0.52368,0.18403,0.2571,0.19378,0.20921,0.12441,0.15225,0.45122,0.40345,0.32557,,0.13672,0.20834,0.03557,0.6486,0.62103,0.20316,0.30897,0.26703,0.1788,0.31507,,,0.27324,0.04034,0.15575,0.13056,0.13953,0.27911,,0.34739,0.20602,0.16063
University of Manchester,United Kingdom,Europe,0.88759,0.85973,0.33972,0.56484,0.22729,0.41533,0.56336,1.19467,0.4109,0.25663,0.10373,0.36262,0.97618,0.85665,0.1216,,,,,0.09443,0.49557,,0.40611,0.62695,1.12439,,,0.10914,0.20633,,0.08211,0.10656,0.47061,0.10556,,0.27485,,0.05656,,0.04643,0.32204,0.28544,0.5738,0.40662,0.37834,,0.0509,,0.04669,0.12571,0.06062,0.24325,,0.07094,0.65746,0.19172,0.23676
Rochester Inst. of Technology,United States,North America,0.24736,0.26282,0.9173,0.19185,0.55279,0.69028,0.28851,0.81937,0.06141,0.10191,0.53953,0.0939,0.0694,0.22164,0.13772,0.30145,0.26499,0.36567,0.28793,0.37799,0.25693,0.2607,0.49085,0.24639,0.52826,,0.35779,0.17468,0.07331,0.23098,0.52311,0.35437,0.10573,0.21598,0.44343,,0.40798,,0.11898,0.66778,,0.22524,0.14309,0.28876,0.40477,,,0.63114,,0.3068,0.23434,0.41539,0.2057,,0.10276,0.28261,0.25636
University of Sheffield,United Kingdom,Europe,0.42263,0.11414,0.04624,0.41284,0.36667,0.63962,0.47794,1.06618,,,0.25981,0.12064,0.8069,1.04085,0.41703,0.23381,0.03648,0.26351,0.22241,0.24089,0.40418,0.7615,0.6125,0.47947,1.19027,0.10768,0.06254,0.29257,,0.07413,0.18819,,0.33015,0.27621,0.04319,,0.28703,0.02879,,0.47771,0.10731,0.32197,0.26856,0.17627,0.30567,,0.3427,0.27946,0.06637,,0.25399,0.35564,0.09676,,,,0.24259
National Chiao Tung University,Taiwan,Asia,,0.2789,0.48466,0.17663,0.59767,0.76341,0.82266,1.06732,,0.03117,,0.0939,0.13881,0.1963,0.78913,1.15013,1.05957,0.52962,0.75788,0.84371,0.03098,,0.09549,,,0.54901,0.72457,0.80332,,0.05101,0.07922,0.16532,0.30457,,0.0741,0.65996,0.08417,0.12289,0.12829,0.26411,0.08866,0.07243,0.34364,0.27682,0.44866,,,0.06871,0.15636,0.04172,,0.0205,,,,0.11344,
IIT Delhi,India,Asia,0.13945,0.3049,0.55631,0.28919,0.54405,1.18942,0.88287,0.89102,0.07643,0.23854,0.33534,0.26882,0.53855,0.49459,,0.11598,0.18483,0.14804,0.06534,0.11552,0.24442,0.31529,0.72912,0.23115,0.28814,0.0731,0.19197,0.13671,0.20737,0.13522,0.28405,0.20998,0.4157,0.0784,0.35472,0.307,0.23734,0.18191,0.40548,0.14647,0.07579,0.0532,0.34841,0.10135,0.44294,0.32123,0.14301,0.06871,0.07832,0.04172,0.07362,0.25772,0.06136,0.34528,0.19309,0.0542,0.24259
University of Würzburg,Germany,Europe,,0.24309,0.04624,0.24359,0.31122,0.55654,0.47023,0.33133,0.27018,0.1651,0.14929,0.07699,0.55885,0.27696,0.48683,0.59372,0.49393,0.53921,0.52231,0.4422,0.24833,0.41513,0.61677,0.25268,0.17926,0.56881,0.42142,0.58876,0.30056,0.03883,0.33403,0.3371,0.17508,,0.05581,0.06016,0.28703,0.45083,0.75676,0.43512,0.07579,0.19738,0.27346,0.40455,0.43393,,0.07619,,,0.09739,0.2252,0.01,0.09676,,,,0.05678
East China Normal University,China,Asia,0.39045,0.29944,0.16536,,0.30647,0.47709,1.03452,0.98262,0.24366,0.06317,0.40184,0.05678,0.29472,0.62488,0.05592,0.07047,0.14509,0.25266,0.20033,0.54506,0.17175,0.28728,0.28314,0.45265,0.35545,,0.26924,0.53302,,,0.07171,0.15814,0.49095,0.228,0.01684,0.62266,0.51709,0.47409,0.09188,0.3165,1.19765,0.07036,0.03934,0.42149,0.21749,,,0.11633,,0.07961,0.06062,0.12967,,,0.25776,0.34876,0.34671
SUFE,China,Asia,0.20014,0.34515,0.36119,0.44922,0.61599,0.38942,0.59787,1.10574,0.22202,,0.17878,,0.08192,0.35242,,0.10982,0.11484,0.15408,0.46159,0.63712,,0.11836,0.08212,0.04103,0.06314,,0.11475,0.15196,0.42722,0.41114,0.52798,0.62304,0.44648,,0.32731,,0.45538,0.3208,0.50355,0.72522,0.13679,0.41209,0.12726,0.80805,0.48715,,,0.04762,0.09419,0.05836,0.06062,0.04509,0.28151,,0.13111,0.16095,0.48264
Polytechnique Montreal,Canada,North America,0.40405,0.75169,0.45882,0.35472,0.43975,0.71679,0.33127,0.57642,0.29186,0.39151,0.25841,0.17742,0.11136,0.35542,0.09422,0.04592,0.22781,0.1137,0.16912,0.14673,0.31846,0.21508,0.29038,0.05078,0.1233,0.16102,0.0927,,0.52201,0.2499,0.34438,0.38372,0.56804,0.20449,0.31858,,0.08417,0.37826,0.08018,0.2816,0.58092,0.36803,0.67243,0.5346,0.68203,0.14909,0.08669,0.13398,0.2042,0.09739,,,0.23302,,,,0.05678
Politecnico di Milano,Italy,Europe,0.17944,0.55081,0.90879,0.61111,0.5571,0.39161,0.39116,0.21556,,,,,,0.06261,0.39913,0.26973,0.21153,,0.27042,0.36715,,,,0.13973,,,0.06254,0.12168,0.41266,0.34373,0.5473,0.86975,0.48162,0.47181,,0.33707,0.41656,0.45083,0.10552,0.11071,0.10731,0.56851,0.42512,0.57052,0.75119,,0.19969,,0.2732,0.30207,0.2252,0.19699,0.48061,,,0.12769,0.08372
University of Crete,Greece,Europe,0.47675,1.05843,0.50885,0.664,0.58861,0.43567,0.25915,0.42966,,0.25101,,,,0.08615,0.39553,0.37055,0.36484,0.06672,0.11096,0.13488,,,,0.05078,0.23256,0.46255,0.28435,0.06142,0.52758,0.47242,0.42131,0.50089,0.35977,,0.103,0.31133,,0.15258,0.2962,0.11071,,0.70982,0.51679,0.27013,0.28633,,0.14301,,,,,,0.38443,0.58635,0.13111,0.46902,0.39826
Hunan University,China,Asia,0.03718,0.03649,0.16747,0.32319,0.31396,1.01966,0.74063,1.06942,0.04346,,0.10132,0.04511,0.18169,0.23241,0.36388,0.51113,0.48686,0.94373,0.63176,0.99305,,0.09225,0.04195,,0.17593,0.38855,0.39379,0.57874,,0.07413,,0.06658,0.13486,0.06951,,0.62021,,,0.10552,0.59983,0.3884,0.0847,0.06302,0.16003,0.40306,,0.24286,,0.055,0.21586,0.22345,,0.09676,,0.30124,0.18226,0.17442
Dartmouth College,United States,North America,,0.1632,0.12124,0.29531,0.25881,0.2967,0.71602,0.72103,0.19454,0.04523,0.10132,,0.2255,0.22075,0.38029,0.69391,0.80489,0.46362,0.46164,0.33634,0.14042,0.05054,0.1443,0.38729,0.13869,0.26934,0.36894,0.43892,0.16282,0.05101,0.2924,0.51665,0.35564,0.27621,0.04319,0.18254,,0.27636,0.10552,0.43501,0.32204,0.30505,0.55463,0.61003,0.42403,,,,,,0.09246,,,,,0.14149,0.31463
North Carolina State University,United States,North America,,0.62473,0.23759,0.24624,0.57062,0.43046,0.77171,0.54623,,0.07818,0.05599,0.24128,0.31124,0.40864,,,0.04817,0.08815,0.13951,0.08153,0.0597,0.10512,0.06819,0.04533,0.39437,,,0.0989,0.05071,0.04411,0.30241,0.22053,0.42632,,0.15576,0.31133,0.10879,0.33293,0.05308,1.54199,0.04511,0.38323,0.31243,0.62884,0.42296,,,0.04081,0.27773,0.1255,,0.21498,0.12988,,0.56186,0.78879,0.72716
AUEB,Greece,Europe,0.30667,0.4588,0.60861,0.67337,0.12809,0.21103,0.7721,0.48039,0.24418,0.21901,0.10132,0.08459,0.21172,0.18429,,,0.17056,,,,0.37769,0.82838,0.13101,0.1127,0.34647,,,0.05074,0.55054,0.34309,0.19786,0.17776,0.46663,0.33909,0.0741,0.35454,0.24948,0.07413,0.10552,0.08629,,0.63473,0.83915,0.39386,0.90803,,0.24286,0.36622,0.07377,,0.12224,,0.21511,,0.13111,0.18384,
KU Leuven,Belgium,Europe,0.24234,0.42705,0.28751,0.70459,0.37079,0.76959,0.24361,0.58409,0.20491,,0.10132,,0.25596,0.39839,0.0466,0.07047,,,0.07655,0.11802,0.13336,0.14683,0.16423,,0.08938,0.15077,0.21433,0.10628,,,0.55784,0.25191,0.34308,0.44685,0.04319,1.4533,,0.32704,,0.40228,0.32204,0.36979,0.40445,0.55667,0.48047,,0.30585,,,0.1255,,0.14204,0.21948,,0.37904,0.1392,0.61512
IIT Kharagpur,India,Asia,0.20588,0.28225,0.43764,0.18409,0.41744,0.74347,0.41907,0.83408,0.35319,0.29606,0.31717,0.16943,0.3653,0.24775,0.23387,0.18754,0.15403,0.07554,0.13028,0.34634,0.0504,0.13563,0.11717,0.17062,0.44649,0.0731,0.24151,0.38559,,,,0.13956,0.08012,0.23959,0.15576,,,0.08888,0.26476,,,0.32969,0.29094,0.36387,0.09643,,0.39011,0.22854,0.50879,0.1255,0.84472,0.28407,,,0.49732,0.53651,0.18872
Graz University of Technology,Austria,Europe,0.45812,0.39099,0.27306,0.20642,0.43171,0.57945,0.55752,0.48577,,,,,,0.16303,0.62789,0.57299,0.7318,0.77305,0.71792,0.72977,,0.03407,,,0.29267,0.78879,0.74864,0.62891,0.15672,0.09576,,0.0965,0.35687,,0.12475,,,0.07413,,0.14647,,0.15961,0.42752,0.27782,0.63332,,,,0.10159,0.05836,,0.14204,0.09676,,,,0.24814
Radboud University,Netherlands,Europe,0.14174,0.33312,0.04013,0.08637,0.30522,0.41608,0.20158,0.15743,,,,,,0.20001,0.07066,0.12246,0.07341,0.05989,0.07655,,0.39645,0.27167,,0.09066,0.11392,0.15415,,,0.38526,0.26565,0.11573,0.39595,0.41159,0.1568,,0.31133,0.32573,0.13069,0.08018,0.31054,0.13679,0.35181,0.36624,0.12279,0.27272,0.14909,0.2192,1.12675,1.38384,0.97408,0.64555,0.73213,0.09676,,0.38887,0.12769,0.08372
CRIStAL,France,Europe,0.15819,0.11736,0.4116,0.17762,0.12809,0.56075,0.72278,0.50839,,0.14522,,,,,,,,,,0.24149,0.21953,0.14683,0.06819,,,0.0731,,,0.76158,0.23835,0.765,0.7301,0.66741,,0.13696,0.22782,0.08417,0.05656,0.10552,0.11071,0.47361,0.92232,0.85267,0.86453,0.84399,,,0.15508,,,,,0.59771,0.17515,,0.36822,0.40655
University of Bristol,United Kingdom,Europe,,0.33302,0.04624,0.29529,0.24233,0.27586,0.93892,0.61507,0.07643,,0.05599,0.06532,0.08476,0.09301,0.07066,0.71114,0.46841,0.922,1.29177,1.22935,0.09448,0.26967,0.02,,0.14468,0.20365,0.75909,0.91785,0.09445,0.16032,0.36165,0.31084,0.12581,,,,,,,0.11071,,0.14124,0.48203,0.42609,0.44269,,,,,,,0.05244,,,,0.12769,0.06817
University of Arizona,United States,North America,0.19116,0.40755,0.48537,0.17268,0.50832,0.41748,0.11747,0.28983,0.40247,0.46951,0.49072,0.30007,0.4561,0.7841,,0.09184,0.04817,0.28843,0.16528,0.11802,0.79874,0.92622,0.24242,0.18872,0.6455,0.16789,0.23984,0.06142,0.12402,0.4185,0.19786,0.1918,0.2904,,0.35253,,,0.04444,,0.08629,0.13679,0.46131,,0.27866,0.173,,0.41416,,,,0.09246,,,,,,0.14188
University of Bath,United Kingdom,Europe,0.13945,0.29094,0.37013,0.44364,0.214,0.25452,0.29726,0.70459,,0.10191,,,0.21838,0.15069,0.76683,0.87561,0.36698,0.70893,0.49513,0.35035,,0.06782,,0.06767,,0.4583,0.60858,0.58579,0.38141,,0.23147,0.30888,0.51629,0.3546,0.15882,0.2427,,0.1019,,0.06019,,0.29711,0.35061,0.49783,0.29971,,,,,0.06734,,,0.12988,,,0.09692,
Kyoto University,Japan,Asia,0.69815,0.2924,0.25965,0.36218,0.19685,0.57987,0.2837,0.2777,0.18866,0.05281,0.16686,0.18556,0.27379,0.28347,0.12658,,0.22071,0.47596,0.3923,0.19653,0.57458,0.43378,0.75159,0.49388,0.39106,0.15091,0.0327,,0.36566,0.198,0.201,0.13317,0.22098,0.15513,,0.36622,,0.07413,0.1857,0.12723,,0.49389,0.14702,0.47972,0.32201,,,,,0.09739,0.07362,0.04509,0.3202,,0.17594,,0.05678
Heidelberg University,Germany,Europe,0.1244,0.3299,0.25264,0.07747,0.211,0.26556,0.13203,0.40926,0.17696,0.21791,0.35694,0.33887,0.10698,0.15542,0.62103,0.47885,0.46655,0.39332,0.47046,0.28124,0.36119,0.08227,0.29112,0.24454,,0.41114,0.38994,0.23243,0.43532,0.38497,0.32063,0.65945,0.2722,0.06122,0.15576,,,,0.0388,,0.10731,0.25537,0.59258,0.39913,0.07995,,,,0.15636,0.35358,,,,,0.05792,,
TU Dortmund,Germany,Europe,0.24916,0.71178,0.20981,0.74364,0.64257,0.62014,0.56934,0.45362,,,,,,0.08809,0.36543,0.14383,0.17954,0.28951,0.18233,0.08785,,,,,,0.0731,0.41432,0.10914,,0.12091,0.20893,0.51357,0.56686,0.38177,0.15576,0.12238,0.36942,0.15846,0.06415,0.36886,0.64407,0.23628,0.48256,0.62048,0.36295,,,,,,,0.07704,0.357,,,,0.23806
Bocconi University,Italy,Europe,0.10971,0.17703,0.10915,,0.13752,0.24155,0.29779,0.28947,0.31748,0.21901,0.15966,0.43274,0.55422,0.57005,0.05807,,,,0.02883,0.05742,0.48353,0.35027,0.36108,0.72687,0.28015,,,,0.26605,0.25613,0.34593,0.4764,0.64277,,,,0.08417,0.59717,,,0.07579,0.39117,0.47573,0.58348,0.42427,,,0.27946,,0.24392,,0.26136,0.19032,0.24107,,,0.30243
University of Stuttgart,Germany,Europe,0.56942,0.40581,0.37327,0.12335,0.56764,0.16317,0.1505,0.45122,0.18225,,0.45693,0.21454,0.02477,0.06261,0.21797,0.1359,0.10163,0.24912,0.27112,0.42669,0.26671,,0.27637,0.29622,0.36248,0.17237,0.19364,0.37328,0.19296,0.13522,0.33724,0.375,0.31398,0.47568,0.103,,0.25276,,,0.37482,,0.38584,0.14309,0.41787,0.30442,,0.07619,0.11427,0.15636,,0.06062,,0.35232,,0.08319,0.0542,0.29656
Georgetown University,United States,North America,0.26046,0.21935,0.48649,0.44756,0.23758,0.09989,0.17203,,0.08045,0.34904,0.1573,0.18596,,0.10999,0.07066,0.17789,,,,0.21034,0.24244,0.32588,0.42385,0.16207,0.17875,,,,0.37776,0.33629,0.42578,0.39235,0.26205,0.22001,,0.09231,0.11203,,0.06415,,,0.46187,0.53075,0.55669,0.51895,0.06199,0.29539,0.33991,0.2644,0.32028,0.91988,0.48948,,0.12966,,0.24804,
Iowa State University,United States,North America,0.16819,0.17703,0.38928,0.04444,0.5162,0.84147,0.67823,0.60914,0.04346,,,0.07699,0.10698,0.26734,0.14335,0.29629,0.40692,0.33158,0.03831,0.26436,0.1033,,0.10413,0.04533,0.26931,0.21939,0.1147,0.17427,0.18351,0.15334,0.3093,0.4031,0.04569,0.51192,0.05581,0.62266,,0.55273,0.04498,,0.32204,0.08259,0.12348,0.52908,0.43317,,0.14301,,,,0.24735,,0.33262,,0.06886,0.14851,0.2001
IIT Madras,India,Asia,0.45981,0.52418,1.2191,0.28182,0.51794,0.46772,0.20349,0.50455,0.1021,0.17277,0.20414,0.22621,0.13596,0.18901,0.16581,0.15678,0.07341,0.10409,0.07964,,0.44478,0.23363,0.16017,0.1087,0.21969,0.24546,,0.27116,0.57116,0.26565,0.3825,0.33712,0.22665,0.04936,,0.48352,0.4499,,,,,0.16947,0.41363,0.26628,0.1305,,,0.11427,0.22552,0.1255,,,0.09676,,,,
JKU Linz,Austria,Europe,0.13945,0.25114,0.32644,0.10657,0.40571,0.60284,0.33235,0.55578,0.06141,,,,,0.14497,0.15789,0.23773,0.32104,0.26114,0.29887,0.23855,0.09448,0.10512,0.13274,0.22767,,0.2654,0.32041,0.26073,0.29594,0.30328,0.16778,0.48163,0.35156,0.12609,0.05581,,0.06655,0.37556,0.06415,,0.32204,0.35924,0.28277,0.41797,0.4553,,,0.23391,0.3002,0.15116,0.07362,0.37363,0.33795,,0.2787,,
KTH Royal Inst. of Technology,Sweden,Europe,0.33721,0.63299,0.29226,0.61583,0.26689,0.25005,0.32183,0.555,,,,,0.08396,,0.20642,0.21426,0.03648,0.05989,0.07662,0.15729,,,,0.05078,0.14771,,0.32907,0.35801,0.17205,0.60663,0.10858,0.11569,0.17344,0.27621,0.35872,,0.11203,0.1019,0.34494,0.11071,0.54385,0.10104,0.42861,0.1814,0.26175,,,0.25195,0.06637,0.17679,0.17658,,0.12988,0.88859,0.17594,0.39402,0.40868
Karlsruhe Inst. of Technology,Germany,Europe,0.24577,0.26604,0.34268,0.17497,0.43411,0.68437,0.6167,0.51467,0.03767,0.06317,0.17707,0.21308,0.19523,0.31083,0.15649,0.24511,0.38481,0.35732,0.33318,0.28202,0.28954,0.06782,0.28436,,0.06314,0.19359,0.42213,0.32871,0.13325,0.28827,0.04399,0.36336,0.22118,0.23959,0.12434,,,,,0.26411,0.27359,0.0847,0.28422,0.45703,0.72539,,,,,,,,0.21807,,,0.09692,0.06817
Institute of Science Tokyo,Japan,Asia,0.45416,0.25936,0.63154,0.21857,0.45158,0.59431,0.65477,0.41383,0.18225,0.07818,0.31051,0.29546,0.4448,0.11192,0.07093,0.21086,0.13137,0.07146,0.04343,0.16767,0.09448,0.15462,0.18625,0.18596,0.18777,0.16665,0.16559,0.05074,0.1039,0.28336,0.3032,0.24775,0.19061,,0.38762,0.21469,,0.17513,0.41654,0.11071,0.32204,0.11271,0.25171,0.1357,0.08987,,,,0.23919,0.09739,0.16607,,,,0.25776,,0.36573
Univ. of Modena and Reggio Emilia,Italy,Europe,0.06592,0.29669,0.13332,0.0661,0.31705,0.3518,0.39439,0.55348,0.30051,,,,0.08396,,0.452,1.09274,0.63079,0.75826,0.48749,0.89946,,0.32909,,,,0.39922,0.66867,0.7742,,0.17616,0.13117,,0.10917,,,,0.25252,,0.10616,,,0.09556,0.28483,0.34797,0.50784,,,,,,0.18491,0.18746,,,,,
University of Pittsburgh,United States,North America,0.33638,0.50665,0.38536,0.37849,0.13768,0.60301,0.49574,0.23953,0.30462,0.03117,0.09436,0.16158,0.17674,,0.25498,0.1735,0.21818,0.17526,0.05042,0.0467,0.40007,0.5045,0.34719,0.28209,0.20329,0.30315,,0.15552,0.14516,0.07413,0.30191,0.22534,0.16223,0.30524,,,0.28703,0.05656,,0.07084,,0.18988,0.50346,0.20901,0.14188,,0.31598,0.22734,0.41581,,0.22042,,0.12272,,0.39549,,0.08372
Concordia University,Canada,North America,,0.08233,0.48902,0.41543,0.3469,0.26587,0.2704,0.80033,,0.14522,,,0.10698,0.08547,0.11884,0.09791,0.51178,0.39247,0.36889,0.62928,,,0.20826,0.10415,0.41229,0.25413,0.37896,0.51047,0.27143,0.41118,0.14003,0.31596,0.43177,,,,,,0.26476,0.15527,,0.10167,0.37569,0.50142,0.46968,,,,,0.04172,,,0.21807,,,0.21895,0.29238
Leiden University,Netherlands,Europe,0.41228,0.29416,0.18256,0.08071,0.37827,0.21443,0.5036,0.24631,0.17696,,0.35141,0.18185,0.26985,0.43991,0.09321,0.05543,0.07351,0.27767,0.21569,0.32191,0.08138,,0.21889,0.43587,0.14799,,0.0522,0.10148,,0.20936,0.08211,0.03215,0.6114,0.04936,0.28462,0.34863,0.05439,0.27636,0.05308,0.43501,,0.31532,0.28939,0.16336,0.19578,,0.31528,0.2844,0.31631,0.1255,0.28364,0.42738,,,,0.0542,0.10625
University of Warsaw,Poland,Europe,0.44742,1.12978,0.37557,0.70044,0.71067,0.3455,0.12451,0.69913,,,0.02708,0.20107,0.13395,0.33263,0.05592,,0.05795,,,0.1281,,,0.02954,0.03755,0.11527,,,0.01254,0.09445,0.17575,0.09356,0.15315,0.54804,0.54076,0.2203,0.25055,0.78395,0.71908,0.54279,0.38646,0.1906,0.31542,0.09157,0.11923,0.18704,,,,,,,,,,,,0.01653
IIT Kanpur,India,Asia,0.54057,0.67063,1.03181,0.24798,0.18357,0.447,0.11845,0.25138,,0.24406,0.34134,0.24128,0.0918,0.3148,,0.06055,0.13137,0.10409,,,0.07318,0.08227,0.15391,0.16362,0.4286,0.11501,0.14858,0.07831,0.49777,0.38179,0.40226,0.47158,0.24575,0.13107,0.05581,0.04321,,0.27636,,,0.19597,0.5828,0.71325,0.35024,0.28466,,,0.05653,,,,,0.07581,,,,0.03568
University of Warwick,United Kingdom,Europe,0.17324,0.38383,0.37484,0.31233,0.35722,0.43363,0.5625,0.67793,,0.10191,0.05599,,0.08396,0.28682,0.2017,0.52065,0.39274,0.23648,0.12109,0.16862,,,0.10413,,0.11392,0.22824,0.16336,0.17241,,0.07413,0.21515,0.1882,0.85968,,,0.02887,0.33121,,0.26476,0.61452,,0.22679,0.02705,0.40507,0.24486,,,,0.10886,0.07961,0.24447,0.10005,0.12988,,0.17594,,0.42909
Vanderbilt University,United States,North America,0.18865,0.3397,0.46678,0.13606,0.32838,0.47045,0.41934,0.49871,0.02635,0.13934,0.10935,0.0375,,0.47058,0.07066,0.12937,0.10777,0.23603,0.32075,0.08785,0.09448,0.06782,0.06299,0.04533,0.03761,0.34022,0.23206,0.12586,0.13325,0.06045,0.31358,0.23385,0.18458,0.10556,0.05581,,0.56741,,0.38894,0.31054,0.50728,0.21143,0.11525,0.28337,0.53236,,0.02629,,0.10886,0.40544,0.02964,,,0.01,0.17594,0.23407,0.15188
Rensselaer Polytechnic Institute,United States,North America,0.38739,0.24231,0.59584,0.39448,0.42141,0.34428,0.52742,0.54602,,,0.19049,,0.23937,0.05499,0.02903,,,0.07554,0.07529,0.14065,,,0.15568,0.03755,,0.03166,,0.14033,0.05071,0.11824,0.30554,0.16259,0.15669,0.27621,0.45165,0.09231,0.62846,,0.09845,0.3243,0.32204,0.17677,0.21899,0.50058,0.33907,,0.09984,0.29463,0.19305,0.17679,0.0511,0.05244,0.09347,,0.25776,0.40967,0.19252
Aarhus University,Denmark,Europe,0.23504,0.20115,0.2808,0.33999,0.44462,0.63633,0.61913,0.39219,,,,,,,,,,,0.10083,,,0.10512,,0.10415,,,,0.03797,0.16753,0.30955,0.60265,0.58523,0.82314,0.44685,0.15576,0.06016,0.53651,0.3108,0.14432,0.43798,,0.14876,0.34395,0.6102,0.71188,,,,,,,,0.07581,,,0.07746,0.62072
Drexel University,United States,North America,0.37485,0.0646,0.26031,0.12433,0.4973,0.35879,0.39621,0.84083,0.02635,0.42895,0.1273,0.39968,0.17699,0.32759,0.12612,0.08342,0.05507,0.05444,0.1371,0.11579,0.23438,0.12059,0.4427,0.39911,,0.05187,,0.21828,0.24367,0.03467,0.20424,0.29701,0.20897,0.04068,,0.14274,0.11203,0.35049,0.17302,0.12107,,0.34046,0.21313,0.52259,0.60044,,,,0.05761,,,0.12799,,,0.10276,,0.13806
TU Dresden,Germany,Europe,0.06592,0.75842,0.27186,0.87696,0.64412,0.34393,0.67896,0.37202,,,0.10132,0.07699,,,0.16633,0.37729,0.03648,0.03816,0.15504,0.15917,,0.21465,0.22041,,0.08938,0.189,0.15459,0.25625,0.05994,0.17816,0.22179,0.69073,0.25409,0.27621,0.49568,,,0.04444,,0.26411,0.07579,0.07854,0.34943,0.19475,0.26666,,,,0.10886,0.11772,0.12224,0.10005,,,0.08319,,0.10625
University of Connecticut,United States,North America,0.16454,0.32755,0.44012,0.13768,0.40207,0.46043,0.92518,0.98237,,,0.22285,0.0939,0.15302,0.2387,,0.12246,0.10315,0.19492,0.09879,0.21201,0.0504,0.22081,0.05859,,0.11844,,0.06855,0.15662,,0.14677,,0.12409,0.39559,0.12776,0.1771,0.04321,,0.30605,0.05308,0.08629,0.08866,0.07173,0.43474,0.17613,0.34586,,,0.22854,0.15659,0.13469,0.26904,0.11102,0.27764,,0.20551,0.09692,0.27191
University of Oregon,United States,North America,0.45335,0.35023,0.54577,0.35839,0.29549,0.25218,0.06824,0.21078,0.24932,0.25827,0.59732,0.16746,0.3377,0.10179,,0.19583,0.04142,0.04999,0.21338,0.01175,0.63342,0.59197,0.34447,0.335,0.35431,,,0.0116,0.05994,,0.03361,0.31443,0.12843,0.34075,0.05581,,0.16835,,0.08018,,,0.26182,0.11525,0.09622,0.21549,,,0.43247,0.29213,0.06734,0.12224,0.3165,,,,0.06403,
College of William and Mary,United States,North America,0.10971,0.14547,0.0756,0.0661,0.20616,0.26461,0.50541,0.68359,,0.04523,0.26774,0.32287,0.37057,0.52802,0.11083,0.17882,0.2605,0.2523,0.45123,0.49005,,0.13563,0.28641,0.21435,0.36121,,0.13739,0.16626,0.05994,0.2028,,0.34661,0.5536,0.0784,0.04319,0.07328,0.11203,,0.72901,0.26411,0.04193,0.0252,0.32259,0.10309,0.2476,,,0.03109,,,,,,,,,0.08372
Royal Holloway Univ. of London,United Kingdom,Europe,,0.08233,0.19806,0.40878,0.19685,0.63698,0.62064,0.31423,0.21731,0.20382,0.05599,,0.18576,0.07301,,,0.05795,0.11978,0.23838,0.14264,0.094,,0.1443,0.05792,0.12629,,,,0.18889,,0.83872,0.47266,0.71742,0.10556,0.1462,0.31133,0.28703,0.15258,,0.08629,,0.23747,0.16014,0.69716,0.65978,,,,,,,0.10005,0.2411,,0.08319,,
University of Mannheim,Germany,Europe,0.27538,0.42821,0.15183,0.41614,0.08976,,0.04924,0.20403,0.1766,0.45854,0.27838,,0.10698,0.24839,0.21416,0.29534,0.13856,0.19326,0.23251,0.09885,0.14635,,0.27154,0.14948,0.33123,0.19151,,0.12168,,,0.04399,0.21474,,0.10556,0.38762,,,,,0.06019,0.08866,0.15502,0.10781,0.15862,0.04165,0.32629,0.15238,0.18857,0.32657,0.1255,0.46868,0.1796,0.21807,0.78438,,,0.15188
UNC - Charlotte,United States,North America,0.2482,0.13333,0.207,0.25555,0.30634,0.57474,0.84569,1.2991,0.07643,0.10561,,0.04511,0.03293,0.08809,0.16629,0.19755,0.15869,0.18792,0.20974,0.75572,,,,0.03755,0.03496,,0.08491,0.82181,,,0.08798,0.25977,0.17264,,0.03396,0.31133,,0.08536,,0.11071,,0.10167,0.295,0.3907,0.35561,,,,,,0.08457,,,,,0.06403,0.2256
Sungkyunkwan University,South Korea,Asia,,0.04262,,0.14032,0.21445,0.35097,0.89317,0.92088,,,0.12153,,0.05936,0.27565,,0.21694,0.21754,0.42181,0.50147,0.71218,,0.14683,0.05155,0.10415,0.08938,,0.45786,0.55339,,0.07413,0.15384,0.35927,0.10385,,,,,0.07413,,0.54554,,,0.17026,0.19407,0.09091,,0.06123,,,0.20033,,0.28801,0.3629,,,,0.27191
DTU,Denmark,Europe,0.24879,0.17917,0.32336,,0.14397,0.44614,0.27816,0.27949,,,,,,0.04918,0.28595,0.09791,0.12159,0.21096,0.1791,0.10293,0.09448,,,0.20831,0.34194,0.42311,0.11475,0.17056,0.25847,0.24818,0.29503,0.32601,0.28446,0.38177,0.48757,0.09231,0.28703,,,0.08629,,0.80054,0.76234,0.2754,0.45195,,,,,,,0.03505,,,,,
NJIT,United States,North America,0.08662,0.18049,0.42171,0.53162,0.18357,0.28371,0.12523,0.42364,,,0.17474,0.05025,0.23294,0.31761,0.12428,0.03088,0.09444,0.28846,0.10123,0.16973,0.0597,0.05784,,0.14494,0.1757,0.13408,0.13223,0.09423,0.07331,0.14826,0.18978,0.62834,0.27782,,0.38762,,0.78885,0.05656,0.10552,,,0.24433,0.40074,0.09149,0.76956,,,,,,,,0.06136,,,0.39117,0.04809
University of Hildesheim,Germany,Europe,0.36405,0.39637,0.16627,0.17174,0.08976,0.25494,0.36712,0.25324,,,,,,,,,,,,,,0.08227,,,,,,,,,,,,0.48054,0.46623,,0.2294,0.07413,,0.39589,0.32204,,0.12547,0.07374,0.24845,,0.69879,0.56817,0.51683,0.59476,0.17658,0.29955,0.71459,,0.39715,0.32099,0.36573
Univ. of Maryland - Baltimore County,United States,North America,0.55491,0.52853,0.38221,0.17273,0.46229,0.31166,0.32702,0.47668,0.12282,0.17621,0.65411,0.24929,0.05936,,0.01882,0.10135,0.05795,0.14696,0.07655,0.15959,0.28706,0.36034,0.11717,0.22674,0.50498,0.0731,0.03984,,,0.04411,0.2269,0.09379,0.11049,0.01,,,,,0.16036,,0.13679,0.32469,0.1886,0.21858,0.14864,,,,0.04669,,,,0.29608,,,0.12806,0.38887
Hasso Plattner Institute,Germany,Europe,0.19268,0.2851,0.53139,0.25245,0.35804,0.19085,0.41692,0.32672,0.1435,,,0.0939,0.30593,0.11192,,0.03455,0.05257,0.1483,0.34822,0.16609,,0.10765,0.05155,0.2964,,,0.1194,0.13973,,0.16989,0.14578,,0.08012,0.06122,0.15576,0.21469,0.6249,0.02879,0.0388,0.57465,,0.30172,0.16004,0.19979,0.17872,,0.31528,0.18629,0.09582,0.19478,0.07362,0.06249,0.21723,,0.22249,0.06403,0.03568
University of Iowa,United States,North America,0.36673,0.19969,0.30068,0.15247,0.35239,0.63653,0.26098,0.37874,,0.03487,,,0.09565,0.14308,0.19509,0.10982,0.15403,0.19724,0.07475,0.20654,,0.06782,,0.12605,0.08938,0.0731,0.14045,0.09418,,0.07413,0.11573,0.048,0.2221,0.33742,,0.07328,0.28703,0.72719,0.52953,0.07084,0.50728,0.23342,0.15191,0.30823,0.29767,,0.04334,0.04762,0.055,0.06734,0.11172,0.12948,,,0.18594,,
Beijing Normal University,China,Asia,0.21737,0.09362,0.29995,0.16383,0.24843,0.32769,0.45663,0.53022,0.11149,0.1553,0.07941,,0.052,0.16691,0.26702,0.08998,0.5583,0.39486,0.37541,0.57106,0.10081,0.24046,0.05859,,0.06314,0.31468,0.44694,0.48586,,,,,0.06348,,0.04319,,0.0387,,0.56096,0.51651,0.07579,0.07722,0.09296,0.03761,0.36955,,0.06123,,0.06637,,,,,,,,
University of Leipzig,Germany,Europe,0.43167,0.48767,0.16077,0.49431,0.45342,0.31892,0.3074,0.13291,0.07643,0.18397,0.04364,0.11804,,,,,,,0.07655,,0.03098,,0.12077,0.04533,0.24072,,,,,,,0.1483,0.19061,0.61729,0.17998,0.50555,0.22406,0.49078,0.26476,0.37482,0.13679,,0.06302,0.04904,0.04822,,0.0509,0.1931,0.13331,0.16263,0.41926,0.37054,0.17293,,,0.2613,
University of Massachusetts Lowell,United States,North America,0.21102,,0.20757,0.02597,0.04631,0.32485,0.04924,0.13529,0.52809,0.44408,0.19729,,0.33553,0.28452,0.1216,0.0894,0.15727,0.11433,0.07655,0.17017,0.20653,0.34486,0.46784,0.21261,0.39126,0.28219,0.06254,0.10914,0.13302,0.07413,0.08211,0.11569,0.11049,,0.42715,,0.28703,0.13069,0.26476,,0.07579,0.03486,0.22644,0.32639,0.16409,,0.15238,,0.02512,,,,0.12988,,,0.07746,
University of South Florida,United States,North America,,0.08749,,0.10407,0.12809,0.52791,0.69929,0.61059,0.18696,,0.07941,,,0.31954,0.1216,0.40225,0.17577,0.22661,0.5063,0.52802,0.08247,0.08729,,0.39703,0.37554,0.18169,0.42611,0.3115,,,0.0381,0.048,0.53227,,,,,,,,,,0.26856,0.24062,0.34619,,,0.04762,0.04669,,,0.09754,0.09347,,,0.07746,
University of Florida,United States,North America,0.05283,0.32144,0.36734,0.3097,0.30326,0.26244,0.45261,0.30008,0.34454,,0.22071,0.13141,0.31069,0.46639,,0.09791,0.03271,,0.10123,0.18835,,0.27343,0.15031,0.09156,0.30638,,,0.11531,0.13302,0.13522,0.11572,0.15814,0.05295,,,,0.16287,0.27636,0.40909,0.04643,0.10731,0.20808,0.16014,0.44563,0.2178,,,,0.06637,,,0.02391,,0.12966,,0.12769,
Stevens Institute of Technology,United States,North America,0.1244,0.19647,0.45136,0.2699,0.13607,0.11489,0.38692,0.35547,,,,0.07699,0.21948,0.27883,0.16322,0.17662,0.14531,0.02688,0.20151,0.16886,,0.05054,0.08212,0.05792,0.30432,0.10182,0.21522,0.07721,0.21353,0.15621,0.11573,0.35864,0.17847,,,,,,,0.50846,,0.12701,0.17303,0.31133,0.30989,,0.32465,,,0.15575,0.17658,,0.09676,,0.2887,0.28076,
Binghamton University,United States,North America,0.15254,0.23149,0.29803,0.18945,0.09262,0.13866,0.53246,0.53529,0.15272,,,0.15068,0.1671,0.13781,0.10253,0.23893,0.07413,0.1137,0.20456,0.21961,0.06576,0.10512,0.11975,0.04103,0.30338,0.19915,0.47608,0.15965,,,0.10179,0.30307,0.09979,0.0784,0.12991,,,0.05656,0.15178,0.3504,,0.10522,0.11941,0.04904,0.15416,,,0.13536,,0.07961,,0.10885,,,0.16343,0.46099,0.29937
University of Delaware,United States,North America,,0.08233,0.2064,,,,,0.16703,0.05105,0.34519,0.11197,0.06532,0.0694,0.15542,0.14131,,0.11334,,,0.09944,0.0597,0.41167,0.10413,,0.33576,0.0731,0.04507,0.04336,,,,0.04245,0.19061,,,,,0.07413,0.05308,,,0.04235,0.29432,0.08488,0.04822,0.79034,1.01712,0.88114,0.64511,0.45874,0.38295,0.38663,,,,0.06403,
Lehigh University,United States,North America,0.22411,0.27903,0.06666,0.1547,0.05548,0.33492,0.38936,0.45756,,0.10561,,0.1221,0.31759,0.14587,,0.1259,,0.20393,0.32624,0.15125,,0.1224,0.11717,0.02327,0.34547,,0.07433,0.04336,,0.05101,,0.16697,0.14701,0.16699,,,0.0455,0.55273,0.26476,0.48417,0.73339,0.09556,,0.06388,0.18112,,0.0509,0.20614,,,0.12224,0.15644,0.12988,,,0.09692,0.2123
UC Chile,Chile,South America,,0.27953,0.27246,0.23884,0.1744,0.22071,0.4236,0.44959,,,,,0.01365,0.1528,,,,,,,,,,,0.01925,,,,0.10142,,0.29091,0.47786,0.65303,0.55241,0.20295,0.12238,0.08417,0.15846,,0.37482,0.32204,0.10641,,0.56893,0.37683,,0.07619,,,,,0.35417,,0.34528,,0.22461,0.47198
University of Hannover,Germany,Europe,0.15254,0.18049,0.21909,0.0661,0.11507,0.2906,0.25272,0.45745,,0.05281,,0.05678,,0.06261,0.19677,0.20604,0.29942,0.22887,0.2872,0.18421,,,,0.10415,0.15469,0.25694,0.24576,0.16301,0.13302,0.13522,0.09375,0.11118,,,,0.07328,,0.55273,0.31102,,0.42934,,0.14702,0.1748,0.20569,,0.09984,0.28596,0.13397,0.1255,0.24447,0.06577,0.2057,,0.17594,0.09692,0.06817
Aalborg University,Denmark,Europe,,0.23017,0.42913,0.22992,0.22584,0.3786,0.18448,0.71237,0.1435,0.20191,0.04899,,0.16792,0.21028,,,0.07341,,,,0.15978,0.08227,0.04618,,0.16323,,,,0.18889,,0.03361,,0.14192,0.44831,0.62505,0.67755,,,0.05308,0.26411,0.6312,,0.08007,,0.04822,,0.04334,0.16519,,,0.18491,,0.15163,,,0.27315,0.3074
Université Paris Dauphine,France,Europe,0.17324,0.30904,0.23759,0.30003,0.51091,0.22789,0.74479,0.62496,,0.03117,,0.0939,,,,,,,,,0.03098,,,0.14494,,,,,0.25029,0.19152,0.29223,0.36112,0.15485,0.28621,0.77525,0.17727,0.35284,0.13069,0.10552,,0.32261,0.16666,0.05223,0.36688,0.10022,,,,0.08283,0.17679,,,,,,0.12769,
IT University of Copenhagen,Denmark,Europe,0.21198,0.06314,0.44339,,0.05548,0.06511,0.03146,0.21125,0.38259,0.21495,0.47782,,0.42831,0.1914,,,,0.04316,0.02022,,0.33989,0.71328,0.48484,0.26106,0.29267,,,0.17056,,0.32738,0.47782,0.24118,0.21519,,,,,0.07413,,,,0.14072,0.1323,0.32244,0.34425,,,0.05653,0.055,,,,,,0.02403,0.36768,
University of Aberdeen,United Kingdom,Europe,0.21014,0.55813,0.32322,0.3616,0.43975,0.20045,0.35872,0.22891,0.40783,0.24328,0.20094,0.16943,0.28758,0.07301,,,,0.10409,,0.05098,0.17419,0.08227,0.52742,0.16366,0.33573,,,0.05074,,,0.11573,0.048,,,0.1462,0.4059,0.11203,0.1019,0.08018,0.197,0.64943,,0.10781,0.10135,,,,,0.15636,,,,,,0.08319,,
ETS Montreal,Canada,North America,,0.17049,,0.0661,0.09262,0.13022,0.15425,0.45829,,,,,,0.18304,0.08035,0.13537,0.47861,0.31228,0.75488,0.66472,,0.13563,,,,0.37881,0.28753,0.72462,,,,0.25078,0.3611,,,,,,0.17994,0.12037,0.64407,0.28145,0.31703,,0.42968,,,,,,,,,,,,
University of Basel,Switzerland,Europe,0.38369,0.4409,0.41346,0.30399,0.46698,0.23436,0.47229,0.41555,,,,,,,0.05592,,0.10163,0.26762,,0.09885,0.0504,,,,,0.17199,0.24417,0.06142,0.17402,,0.1898,0.16215,0.19328,0.49119,0.33737,0.12238,0.24948,0.27636,,0.37296,,0.22599,0.4262,0.18574,0.19473,,,,,,,,,,,,
University of Groningen,Netherlands,Europe,0.24879,0.41989,,0.0661,0.06876,0.48273,,0.08591,0.22572,0.36424,0.36132,0.87661,0.38286,0.87781,,,,,,,0.11595,0.19861,0.42405,0.26781,0.60984,,,,0.09445,,0.16422,,0.18467,0.10556,0.103,,0.28703,,0.10552,,,0.0532,,,0.12099,,,0.03109,0.15636,0.20033,,0.03147,,,0.04786,,
VU Amsterdam,Netherlands,Europe,,0.33603,0.23462,0.08637,0.33423,0.21688,0.14301,0.31553,,,0.03942,0.37561,0.11136,0.12219,0.0466,0.08527,0.17056,0.15712,0.1696,0.19245,0.09448,,,0.14494,0.23386,0.10182,0.1311,0.37275,0.13302,0.07413,0.30282,0.33875,0.17991,,,0.09231,,0.04444,0.24985,0.19513,,0.17815,0.41918,0.26641,0.41258,,,,,,,0.05244,0.11851,,,0.09692,0.20312
Ecole Normale Superieure,France,Europe,,0.06314,0.1932,0.0661,0.2439,0.14881,0.30838,0.18746,,,,,,,0.23886,0.23712,0.28226,0.24736,,0.23187,,,,,0.08938,0.27757,0.35613,0.19511,0.54596,0.64681,0.56435,0.33044,0.3091,0.0784,,,,,,,,0.29612,0.54495,0.33757,0.29778,,,,,,,,0.19032,,,0.06403,
Tampere University,Finland,Europe,0.25444,0.24747,0.27542,0.23964,0.24161,0.44914,0.32182,0.54786,,,0.07941,,,0.11192,0.21718,0.14383,0.39618,0.40302,0.41303,0.26377,,,,,0.31268,0.34124,0.41547,0.27861,0.09445,,0.08211,,0.03052,0.15513,,,,,,,,0.25537,0.16014,0.13,0.35226,,,0.08636,,,,0.20009,,,,,
Chongqing University,China,Asia,0.05283,0.19422,0.22623,,0.06876,0.04525,0.43739,0.65354,0.10017,0.10191,,0.21454,0.29555,0.26953,,0.09184,0.14683,0.12964,0.22844,0.04011,0.20605,0.05784,0.05859,0.22872,0.17976,0.0474,0.25876,0.3561,,,0.15972,0.19524,0.18095,,0.05581,0.31133,0.05439,0.27636,,0.17276,0.42934,0.0252,0.08007,,0.11442,,0.0509,0.11387,0.21136,,0.06062,0.04509,0.05078,,0.10916,,0.10487
University of Georgia,United States,North America,0.31315,0.11736,0.03547,0.15637,,0.2835,0.42646,0.47119,,,,0.06532,0.21775,0.28551,0.07066,0.03455,0.10666,,0.13771,0.40598,,,,0.23011,0.11708,0.14619,0.23984,0.15134,0.07331,0.10543,0.11573,0.17276,0.12237,0.04936,0.103,0.31133,,0.02879,0.52953,0.52823,,0.01922,0.38539,0.07769,0.3366,,,,,,,0.10005,0.06136,,,0.23407,0.06817
Worcester Polytechnic Institute,United States,North America,0.28259,0.34515,0.23509,,0.24117,0.11761,0.37789,0.16445,0.24366,0.05281,0.10132,,0.08396,0.08597,,0.1407,,0.04316,0.05042,0.04011,0.0384,0.19737,,,,,0.16094,0.10914,0.22725,,,0.05559,0.08012,0.12609,0.46172,0.09231,0.0387,,,0.11071,0.26639,,0.1323,0.29724,0.04165,,0.28343,0.25156,0.26522,0.13112,,0.10005,0.68932,,0.17594,0.23407,0.24814
University of Vienna,Austria,Europe,0.22836,0.18703,0.207,0.3291,0.13752,,0.08601,0.11418,0.14593,0.10191,0.34707,0.16943,,0.18493,0.0466,,0.04817,0.04999,,,0.35908,0.04056,0.16867,0.31086,0.04459,0.1324,,,0.04396,,0.10606,0.4625,0.3103,0.15513,,0.12238,,0.08888,0.10552,0.08629,0.32204,0.11135,0.3626,0.30985,0.37478,,0.07619,0.05653,,0.09739,,,0.09676,,0.26222,0.39448,
Qatar Computing Research Inst.,Qatar,Asia,0.26176,0.08524,0.05458,,,,0.13647,,0.45853,0.30556,0.32838,0.34599,0.26361,0.23987,,0.03935,,,,0.05933,0.2388,0.57052,0.19243,0.65334,0.86991,,,0.08673,,0.27045,,0.096,,,,,,,,0.26411,,,,0.2027,0.17381,,0.26547,0.08636,0.14418,0.11851,0.05946,,0.21277,,0.12112,,0.14188
Northeastern University (China),China,Asia,,,0.33096,0.12335,0.09647,0.30173,0.11423,0.4114,0.4282,0.3476,0.24763,0.04094,0.49465,0.47568,,,,,0.11343,0.19051,0.09683,0.44783,0.09549,0.20116,0.36813,,,0.12131,,0.03883,0.04399,0.04245,0.19354,,,,0.06655,0.29549,0.02997,,0.39782,,,,0.0643,,,0.16519,0.1948,0.30207,0.09246,0.25876,,,0.06886,0.03598,
Tulane University,United States,North America,0.19457,0.23313,0.66866,0.36298,0.29578,0.28769,0.19103,0.28563,0.1435,0.25101,,,,,,0.12246,0.04142,0.2359,0.07783,0.07306,0.19959,0.32772,0.42866,,0.19632,0.10182,0.15779,0.45956,,,0.19784,0.08397,,0.28122,0.05581,,0.43361,0.1019,0.10552,,0.10731,0.20004,0.04479,0.20241,0.04165,,,,,,,,0.12988,,,,
Ruhr-University Bochum,Germany,Europe,0.15254,0.06314,0.2307,0.17273,0.23206,0.61944,0.18728,0.35784,0.16338,0.14522,0.03083,0.0939,0.052,0.08809,0.09869,0.08191,0.09175,0.04473,0.09159,0.21352,0.26719,0.30654,0.05859,0.28532,0.38918,0.0731,,0.07831,0.05994,0.13362,0.22589,0.09062,0.18821,,0.04319,,0.28703,0.04444,0.08018,0.04643,0.45883,0.10866,0.16051,0.17615,0.12815,,,,0.09582,,,,0.0427,,,0.17438,0.10625
Florida State University,United States,North America,,0.11736,0.06666,0.18945,0.17825,0.6854,0.64777,0.54054,,,,0.04511,,,0.08179,0.09791,0.10163,0.05989,0.15668,0.10789,,,,,0.11246,0.0474,0.21433,0.08458,,0.13459,0.23147,0.23796,0.52666,0.04068,,0.17727,0.08417,,0.55123,0.08629,0.13679,0.10641,0.14309,0.24542,0.21395,,,,,,,0.1796,,,0.13111,0.28203,0.12495
University of Tsukuba,Japan,Asia,0.19228,,0.40913,0.28723,0.13607,0.38131,0.19781,0.04375,0.05105,0.10191,0.11197,0.05678,,0.07301,0.16322,0.19239,0.18238,0.18761,0.06054,0.27921,,,,,0.08938,0.23441,0.21257,0.19814,0.13302,,0.17942,0.13317,0.19975,0.10556,,0.17727,0.57407,0.11313,0.21105,,,0.20004,0.03518,0.14379,0.35068,,0.09984,,0.12137,,0.13363,0.10489,0.12988,,0.0493,,
Queen's University Belfast,United Kingdom,Europe,0.47457,0.24699,0.04624,0.31239,0.08976,0.20849,0.35439,0.56558,,0.04523,0.04899,0.12064,,0.05499,0.25857,,0.08769,0.18721,0.40898,0.33635,0.15418,,0.18625,,0.22732,0.05736,0.07464,0.24788,,,,0.05559,0.23736,,,,0.28703,,,0.46804,0.62531,,,0.03761,0.05847,,0.11213,0.08636,,,,,0.0427,,,0.12769,
VinUniversity,Vietnam,Asia,,0.08233,0.19806,0.21367,0.26017,0.42566,0.20447,0.23406,,,0.1413,0.17089,,,0.09754,0.22381,0.20327,0.07554,0.04343,0.18316,,0.10512,,,0.3174,0.10182,0.13543,0.08673,0.23613,0.20304,0.26908,0.33485,0.08649,,0.28462,,,,0.13326,0.22798,0.37585,0.44666,0.35428,0.11618,0.13626,,,,0.055,,,0.14204,,,,,
UNIST,South Korea,Asia,0.06592,0.11414,,0.15714,0.37696,0.08455,0.23796,0.28722,,,,,,,0.25996,0.46489,0.43213,0.30971,0.30102,0.28608,,,,,,0.33529,0.24619,0.23217,0.20633,0.19568,0.17813,0.13308,0.45169,,,,,,,,0.1906,0.15369,0.2061,0.28967,0.4257,,,,,,,,,,,0.20962,0.05678
University of Hamburg,Germany,Europe,,0.18196,,,,0.08002,0.23348,0.38508,0.27663,0.21791,0.20942,0.04511,0.19928,0.43317,,0.07871,,,0.06054,0.17017,0.4678,0.26316,0.2731,0.56898,0.27333,0.10475,0.0789,0.30611,,,,,,0.0784,,0.12238,,0.04444,0.19316,0.79048,,0.11605,0.08007,0.11135,0.14555,,,,0.04669,0.09739,,0.07704,,,,,0.05678
Clemson University,United States,North America,,0.11414,0.09005,0.04444,,0.21474,0.25545,0.53844,,,0.01112,0.05678,0.07925,0.21356,,0.19822,0.16218,0.30123,0.29744,0.47333,,,,0.09018,0.26931,0.23915,0.26286,0.22941,,0.05982,0.02482,0.15269,0.18652,,0.05581,,0.05439,0.05656,0.26476,1.05766,,0.10255,0.15054,0.15953,0.30654,,,,0.08067,,,,,,,,
University of Cologne,Germany,Europe,,0.1632,,,0.24829,0.44954,0.30551,0.08591,,,,,,,,,,,0.13191,,,,,,,,,,0.22725,0.17053,0.34545,0.54282,0.38832,,,,0.27489,0.34269,,,0.32204,0.60543,0.30729,0.46409,0.47602,,,0.11427,,,,0.10005,,,0.38118,0.17041,0.23676
Osaka University,Japan,Asia,0.04379,0.14869,,0.14032,0.33438,0.0837,0.66652,0.30726,,,0.07941,,0.20629,0.08809,0.08179,0.47158,0.40368,0.74954,0.24038,0.31212,,,,0.08181,,0.34691,,0.25025,,0.15621,,,0.05295,0.10556,0.21182,,,,,0.52823,,0.27371,0.13902,,,,,0.08636,0.08283,0.09739,0.0511,,,,,,
Tohoku University,Japan,Asia,,0.08233,0.08577,,0.23645,0.03931,0.48904,0.28515,0.12961,0.26476,0.21118,0.27398,0.03293,0.31327,0.23028,0.10502,0.05795,0.10942,0.23251,0.25313,0.3703,0.47874,0.30309,0.25729,0.13052,0.20959,0.21591,0.18567,,,,0.11569,0.1436,0.15513,,,0.0387,0.03557,0.0388,0.05238,,0.08259,,0.07857,0.2751,,0.02933,,,0.15783,,,,,,,
National Tsing Hua University,Taiwan,Asia,,0.04262,,0.16264,0.3961,0.54755,0.16769,0.22697,,,,,,,0.29097,0.42744,0.4564,0.4721,0.28767,0.16609,0.0597,,,,,0.27906,0.41032,0.32499,,,0.06369,0.08397,,,0.22986,,0.06655,0.27636,,0.26411,0.32204,,0.17595,0.26647,0.13615,,0.14301,,,,,,,,,,
Université Laval,Canada,North America,,0.18049,0.16687,0.32026,0.22402,0.14299,0.13647,0.3045,,,,,,,0.29333,0.23927,0.25119,0.46169,0.16632,0.20733,,,,,,0.39071,0.15235,0.18745,0.18351,0.25613,0.15826,0.06658,,,,0.24477,,0.07413,0.15178,0.11071,,0.56429,0.51901,0.22489,0.18219,,,,,,,,0.09676,,,,
Wayne State University,United States,North America,,,0.1938,,0.40265,0.39952,0.25492,0.05709,,,,,,0.07301,0.10989,0.20525,0.22264,0.23389,0.46279,0.27863,0.0597,0.05784,,,,,0.2136,0.17491,0.03144,0.08357,0.14119,0.16794,0.24356,,,0.31133,,,,,0.32204,,0.23198,0.18044,0.2397,,,0.13743,0.18864,,0.18491,0.39867,,,0.10276,,0.25115
University of New Hampshire,United States,North America,0.35273,0.25882,0.48919,0.20971,0.28315,0.23164,0.45988,0.15416,,0.10191,,0.06532,,,,,,,,,,,,0.08181,,,,,0.19875,,0.13117,0.16975,0.1436,0.27621,0.03396,0.22637,,,0.41654,0.34492,,0.12968,0.12547,0.22877,0.11283,,0.07619,0.30722,0.27238,0.17679,0.19307,0.28442,,,,,
University of Pisa,Italy,Europe,0.25986,0.10576,0.19998,,0.26929,0.07862,0.36971,0.11812,,,,,0.08396,0.08809,0.19509,,,,,,,,0.05859,,,,,,0.4545,0.61278,0.08211,0.38507,0.34544,,,,0.16835,,0.16036,,,0.05876,0.58864,0.50415,0.04822,,0.09984,,,0.07961,0.35317,0.22942,0.42318,,0.10276,,
Heriot-Watt University,United Kingdom,Europe,0.09454,0.18049,,0.08637,,0.13022,0.29048,0.25727,0.41018,0.38849,0.30686,0.21721,0.22085,0.28973,0.16322,,,,,0.20294,0.37952,0.23995,0.38844,0.37184,0.37339,,0.10874,,0.05994,,,0.12734,,0.04936,0.14058,,,0.19791,,0.11071,,,0.14309,,0.05773,,0.15238,,,,,0.1796,0.0427,,,,0.10625
University of Göttingen,Germany,Europe,0.17324,0.28571,0.08577,0.26207,0.08976,0.14795,0.12523,0.26914,0.10017,,,0.05678,0.01174,0.11192,0.5165,0.28338,0.20749,0.2583,0.26356,0.35312,,,,0.10415,0.10009,0.25259,0.36758,0.07831,,0.11296,,,0.06103,0.10556,,,0.11203,,,0.11071,,0.22868,,0.27349,0.68292,,,,,0.06734,,,0.12988,,,,0.04809
University of Haifa,Israel,Europe,0.06592,0.31036,,,0.32475,0.26556,0.23025,0.13305,0.06141,,0.10132,,,0.07301,,,0.07341,,0.03831,0.05624,,,,,,,,0.03797,0.58881,0.40215,0.54184,0.42635,0.27532,,,,0.38335,0.3208,,,0.13679,0.55363,0.43421,0.15647,0.32463,,,,,,,,,,,,0.10625
HSE University,Russia,Europe,0.05283,0.3242,0.17521,0.13965,0.21128,0.06511,0.33103,0.34961,,0.06317,0.10132,0.06532,0.05936,0.08809,0.18365,0.03088,0.10315,0.04316,0.05042,0.12034,0.0343,,0.03852,0.16362,0.29117,0.15516,0.0789,0.10914,0.32554,0.35995,0.27276,0.31699,0.27105,,0.0741,,,,,,,0.24717,0.38368,0.2518,0.40827,,,,0.06637,,,,,,,,
TU Kaiserslautern,Germany,Europe,0.06592,,0.10213,0.28072,0.11706,0.24155,0.45444,0.32539,,,,0.34319,,0.04918,0.08496,0.18754,0.21198,0.3756,0.14018,0.18369,,,0.06819,,0.21731,0.12655,0.20782,0.18526,0.05994,0.22314,0.06205,0.2171,0.28105,0.27621,,,0.03334,0.12289,0.06415,0.14244,,0.29068,0.20732,0.16932,0.21237,,,,,,,,,,,,0.04809
University of Klagenfurt,Austria,Europe,0.27694,0.19969,0.08577,0.27253,0.51316,0.0837,0.08601,,0.24932,0.18397,0.1413,,0.18655,0.15542,,,,0.07554,,,0.22831,,0.19688,0.28532,,,0.0789,,,,,,0.11049,,0.15882,,0.30106,,0.41654,,0.04891,,,,0.04165,,0.30496,0.21931,0.15636,0.34873,0.34627,0.33583,,,0.01,,0.20691
University of North Texas,United States,North America,,0.02512,0.32644,0.24669,0.05548,0.41666,0.2548,0.10648,0.10017,,0.26613,,0.14898,0.07301,0.09754,0.18251,0.04635,0.15442,0.25638,0.30609,0.20195,0.10512,,,0.12916,0.08341,0.19014,0.40886,0.07331,,0.16777,0.03215,0.03052,,0.04319,0.12238,,,0.02997,0.30204,,0.10167,0.02924,0.06781,0.20636,,0.14301,,,,0.12224,0.17709,0.19032,,,0.06403,0.20691
University College Dublin,Ireland,Europe,,,0.15913,0.24669,0.12809,0.0837,0.18669,0.28453,0.20034,0.15636,,,0.44251,,,,,,,,,0.25579,,0.14494,0.43112,,,,,,0.23147,,0.28446,,0.103,,,0.34652,0.10552,0.22141,0.51233,0.07036,,0.31774,0.07277,,0.12245,0.11427,0.15636,0.3025,0.12224,0.14204,,,0.10276,0.14041,
Dalhousie University,Canada,North America,0.29186,0.18809,0.12124,0.08637,0.2217,0.16739,0.32292,0.08591,0.07643,0.11597,0.06555,0.0939,0.09277,,,,,,,0.13872,0.31616,0.15462,0.08212,0.26049,0.17926,,0.14144,0.0989,0.09445,0.16989,0.24185,0.10359,0.09138,0.0784,,0.07328,,,0.08018,,,0.29059,0.21237,0.14379,0.15448,,0.07619,0.16519,,0.06734,0.24447,0.07704,,,0.27804,,0.20691
Brandeis University,United States,North America,0.2906,0.27414,0.32286,0.05329,,0.1773,0.21453,0.37803,0.36612,0.10949,0.11788,0.04511,0.05936,0.38119,0.05592,0.09135,0.07341,0.05989,,,0.24962,0.14683,0.22889,0.12559,0.18645,,,,,0.09576,0.12737,0.08397,0.08012,0.33742,0.32731,,,0.55273,,,,0.06192,0.03518,0.10135,0.14054,,,,0.055,0.09739,,0.03505,,,,,
Tufts University,United States,North America,0.21703,0.44284,0.67623,0.08637,0.22584,0.5278,0.14301,0.18471,,,,,,0.08809,0.10989,0.1259,0.10163,0.14725,,0.26106,,,0.32454,0.05078,0.11392,0.0948,0.06254,,,0.09576,0.33914,0.19966,0.13761,0.26069,0.103,,,0.1019,0.13326,0.11071,,0.12357,0.1323,0.27272,0.11546,,,,,,,,,,,,
Case Western Reserve University,United States,North America,,0.11736,0.51839,,,0.38189,0.10746,0.68808,,0.14522,,0.17854,0.11689,0.12219,,,0.02973,0.09226,0.10237,0.17426,,,0.08212,0.10415,0.19367,,0.03984,0.03797,,0.07413,0.27995,0.0382,0.24161,,,,,,0.26476,,0.35861,0.0532,,0.11047,0.18066,,0.08651,,,0.1255,0.07362,,,0.69056,,0.11072,0.10625
University of York,United Kingdom,Europe,0.17722,0.07984,0.25158,0.22107,0.62412,0.22875,0.36769,0.28493,0.27074,0.1651,0.05599,0.08459,0.02367,0.0962,0.19114,,0.25782,0.2902,0.21155,0.1256,0.23736,0.10512,0.02445,0.05792,,0.085,0.24417,0.20324,,,0.06369,,,0.16438,0.04319,,,,0.10552,0.18155,,,0.11119,0.13236,0.02794,,,,0.07377,,,,0.08523,,,,
University of Ottawa,Canada,North America,,,0.10081,0.13221,0.05548,0.3687,0.30068,0.22902,,,0.29006,0.07699,0.14898,0.128,0.08179,0.10135,0.12159,,,0.02993,0.26869,0.17294,0.26985,,0.15851,,0.06254,0.13973,,0.20246,0.06369,0.26212,0.40909,0.27621,0.05581,0.31133,0.11203,,0.10552,,,0.18856,,,0.27742,0.08203,0.09984,,,,,,,,0.10276,0.06403,0.08372
University of Leeds,United Kingdom,Europe,0.21042,0.2278,0.37594,0.34361,0.08976,0.15365,0.30201,0.10885,0.15386,,,0.07699,,0.36986,0.12471,0.17838,0.09635,0.10988,0.13191,0.12521,0.0504,0.06782,,,0.06314,0.0355,0.07968,0.05074,0.07331,0.18688,0.17302,0.11569,0.30704,,0.28462,0.35575,0.06655,0.101,,0.15713,0.10731,0.10167,,,0.20473,,0.0509,0.05653,,,,0.05244,,,,,
Lancaster University,United Kingdom,Europe,0.1244,0.20557,0.12064,0.11939,0.10397,0.20787,0.13334,0.21568,,0.18397,,,0.08391,0.30144,0.17358,0.09939,0.19949,0.47467,0.42647,0.36207,0.09448,,0.10413,0.10415,0.16476,0.18811,0.26557,0.40755,,,,,0.19328,,0.28462,0.09231,,,,0.12005,,,0.06302,0.05861,0.22673,,,,,,,,,,,,
University of Tennessee,United States,North America,,,0.10915,0.17881,0.29691,0.14795,0.1879,0.24863,,,0.06555,,0.0818,,0.26574,0.23045,0.22577,0.29335,0.24961,0.11618,0.0597,,,0.05792,0.07385,0.20658,0.11475,0.24906,0.07331,,0.06369,0.29039,0.13307,,,,0.19966,0.1019,0.14432,,0.32204,0.17889,0.22316,0.20575,0.12917,,,,,0.02255,0.12224,,,,,,0.1461
Université Jean Monnet,France,Europe,0.40722,0.4829,0.26581,,0.17953,0.13022,0.13647,,0.08693,,,,,0.11192,0.14131,,0.14683,,,0.05624,,0.13563,,,,,,0.07831,0.42622,0.07413,0.27439,0.16794,0.20455,0.55241,0.22229,0.62266,,,,,,0.24433,,0.15996,0.1305,,,,,0.22819,,,,,0.13773,,
George Washington University,United States,North America,,0.03181,0.14034,0.05329,,0.10671,0.22659,0.17794,0.09451,0.34325,0.33242,0.74812,0.23484,0.41939,0.03547,,,0.17385,,0.10399,0.0597,0.1224,0.21427,0.30422,0.14581,0.0731,0.23383,0.04336,0.09445,0.06045,0.05203,0.0746,0.16618,,,,,,,,0.32204,0.04235,,0.08518,0.19755,,,,,,,0.04509,0.15812,,,,
NYU Abu Dhabi,United Arab Emirates,Asia,0.14174,0.09532,,0.05329,0.26076,0.13705,,0.164,0.01,0.06317,0.11221,0.38106,0.19001,0.40381,,,0.05795,0.08737,0.18374,0.11875,,,0.27493,0.113,0.27973,0.05736,0.09126,0.18141,,0.07413,0.11573,0.11569,0.23507,,0.28462,,,0.05656,0.27126,,,0.11605,0.05223,0.11135,0.22833,,,,,0.09739,,0.07704,,0.17515,0.08319,,0.14188
Victoria University of Wellington,New Zealand,Australasia,0.10566,0.04262,,0.0661,0.05548,0.19549,0.24901,0.33898,,0.20382,,,,,0.28149,0.11982,0.39152,0.05989,0.06054,0.14264,,,0.20826,,,0.14758,0.20999,0.15662,,,0.29163,,0.16024,,0.35366,,,,0.31657,0.17258,0.27359,0.17011,0.36556,0.11618,0.22885,,0.19864,,,,,,,,,,
University of Arkansas,United States,North America,,0.23102,0.27328,0.40061,0.13752,0.47195,0.23691,0.34088,,,,,,,,,,,0.06054,,,,,,0.07385,,,,,0.19152,,0.11569,0.24886,0.8937,,,,,0.1857,,,0.27107,0.12604,0.17973,0.35358,,0.18163,0.08636,,,,,,,0.50689,,
University of Kentucky,United States,North America,0.31164,0.60783,0.29217,0.25415,0.2217,0.31892,0.22249,0.69418,,0.10191,0.03942,0.12064,0.08396,0.07301,0.09754,0.1071,,0.04316,0.06054,,0.28802,0.10512,,,,0.04053,0.0522,,,,,,0.11049,0.26236,0.0741,0.17727,,,0.10552,,,0.03486,0.26726,0.10135,0.07277,,,0.11427,0.04669,,,,,,,,0.04123
Temple University,United States,North America,,0.14547,0.26461,,0.41857,0.26295,0.08601,0.45619,0.10017,,,,0.0694,0.11179,,,0.07341,,,0.07132,,,,,0.43896,,0.11475,0.29357,0.11727,0.27045,0.11572,0.10479,,0.30304,0.02134,,,,,0.30584,0.06637,0.0532,0.06302,0.07374,,,0.14301,0.08636,,,0.17234,0.04509,,,0.4337,0.12769,0.10625
IIIT Delhi,India,Asia,0.04379,0.10036,0.37694,0.0661,0.10949,0.22961,0.18405,0.29424,0.1021,0.1242,0.08897,0.33518,0.22931,0.29676,,0.05543,,0.05989,,0.07132,0.0436,0.14011,0.10656,0.14182,0.07385,0.0474,0.12244,,,,,0.05559,,,,,0.31603,0.04444,0.06415,0.06019,,,,0.05861,0.05773,,,0.15053,0.08283,,0.14724,0.09781,0.12988,,0.19309,0.22858,0.35972
Central South University,China,Asia,0.03718,,,0.12433,0.20072,0.11933,0.49267,0.6313,,,0.10497,0.13064,0.08676,0.11179,,,,,0.11056,0.09093,,0.0316,,,0.26143,,0.03984,0.1193,0.25346,0.09576,,0.08397,0.11049,,,0.12238,,,0.1857,0.52823,0.45883,0.12968,0.18165,0.18755,0.21045,,0.0509,0.09854,,,0.09392,,,,,,
University of Southampton,United Kingdom,Europe,,0.4307,0.3925,0.12335,0.08976,0.20045,0.53185,0.40578,0.18696,,0.05599,,0.10698,,,,,,,,,0.06782,,0.05792,,,,,,0.19152,0.16422,,,,0.28462,0.27078,0.3924,0.20914,,0.11071,0.32204,0.10641,0.11119,0.29232,0.14555,,,,,0.05836,,,0.09676,,0.06886,,
CUNY,United States,North America,0.25468,,0.132,0.0661,0.13627,0.19069,0.15321,0.21465,,,0.51931,,0.1861,0.21403,0.1216,0.40489,0.28837,0.1284,0.12306,0.16746,0.13336,,0.08212,0.05792,,0.0829,0.17931,0.13964,0.14662,,0.09013,0.048,,0.38177,,,,,,,,0.15369,,0.18058,0.13256,,,,,,0.09246,,0.09676,,,0.09692,0.03568
Washington State University,United States,North America,0.28565,0.33312,0.06666,0.53638,0.0978,0.28473,0.11845,0.28505,,,,,,,,0.03455,,,,0.04011,,,,,,0.11501,0.06254,0.03385,0.16775,,0.12815,0.24435,0.45405,,0.05581,0.09231,,0.05656,0.26476,,0.10731,0.04235,0.24756,0.18466,0.29044,,,,,,,,,0.34528,0.25776,,0.0311
University of Waikato,New Zealand,Australasia,0.19776,0.35207,,0.38776,0.5782,0.41517,,0.11418,,,,,,,,,,0.11448,0.12109,0.16871,,0.14683,,,0.1587,,0.10874,,0.07331,0.38081,,0.22226,0.27055,,,,,,0.79429,,,0.15961,0.18905,,0.10022,,,,,0.17679,,,,,,,
TU Eindhoven,Netherlands,Europe,0.08662,0.08233,0.25728,0.26157,0.23931,0.44528,0.09804,0.50732,0.06141,,,,0.052,0.05676,,,,0.02889,,0.05152,,,,,0.04077,,,,0.13302,0.09576,0.36394,0.08397,0.29917,0.10556,,0.12238,0.15073,,0.26476,,0.44991,,0.09007,0.41037,0.10313,,0.06123,,,,,,,,,,0.21251
Portland State University,United States,North America,0.08662,0.2029,,,0.19339,0.08813,0.13623,0.11748,,,,,,,0.41038,0.53683,0.21507,0.29362,0.49638,0.23558,,,,,,0.32074,0.32398,0.31348,,,0.11573,0.06658,0.27273,,,,0.28703,,,,0.10731,,,,0.1294,,0.24846,,,,,,,,,,
Ariel University,Israel,Europe,0.38655,0.14869,0.55865,0.08637,0.13752,0.13705,0.48753,,,,,,0.14898,,,,,,,,0.0504,,,0.05792,0.1587,,,0.29357,0.05071,,,0.08397,0.11049,0.18396,0.05581,0.38317,0.78154,,,,,0.10167,0.06302,0.31888,,,,,,,,,0.19032,,0.17594,,
Waseda University,Japan,Asia,0.15819,0.08233,,0.0661,0.03448,0.0312,0.27816,0.05709,0.15357,,,0.05678,0.18451,0.15542,,,0.05795,0.08737,0.05042,0.09885,0.1512,0.14683,0.08212,0.14494,0.15489,,,0.09108,,,0.15219,,,,,0.66587,,0.07413,,,,0.07036,,0.08518,,,0.24846,0.71402,0.45466,0.22267,,,,,,,0.06817
Università della Svizzera italiana,Switzerland,Europe,,,0.13332,,0.08976,0.06511,0.10912,0.36875,,0.05281,0.1503,,0.16633,0.07301,0.0466,,0.11205,0.19138,0.4021,0.21601,0.12358,,0.10413,0.06767,0.1587,0.05736,0.13288,0.21938,,,,,0.04037,,,,,,0.06415,,,0.02938,,0.207,0.03685,0.14909,0.3351,,0.06637,0.26418,0.07362,0.06249,,,0.17594,0.50483,
Open University UK,United Kingdom,Europe,0.36921,0.051,0.3378,,0.14524,,0.076,0.26506,0.16338,0.10191,0.04364,0.18745,0.052,0.05499,0.0466,0.11639,,0.03434,0.11096,0.09511,0.40322,0.06782,0.25444,0.08636,,,0.0789,,0.07331,,0.11573,0.06658,0.05295,0.27621,,0.21262,0.11203,,,,,0.04235,0.07841,0.07227,0.14699,,0.2844,0.24341,0.10886,,,,,,,,
University of Western Australia,Australia,Australasia,0.05283,0.16466,0.15183,0.10657,0.25214,0.1601,0.28055,0.12152,,,,,,,0.27506,0.07047,0.34335,0.35817,0.11161,0.35,,,0.10413,,0.22156,0.12752,0.1833,0.18518,,,,0.13317,0.11064,,,0.31133,,0.11313,0.06415,0.08629,0.10731,,,0.11723,0.1305,,,,,,,0.21357,,,,,
Auburn University,United States,North America,0.10971,,,0.16131,0.14358,0.14795,0.06824,0.22625,0.1435,0.06317,0.04899,,0.10131,0.10104,0.0466,0.10982,,0.05989,0.10578,0.07132,0.07318,,0.10413,0.05792,,,0.04507,0.1629,0.11988,0.07413,0.14807,,,0.27621,0.05581,,0.08417,0.45083,,0.55116,0.10731,0.07036,0.32084,0.2869,0.08506,,,,,0.06734,0.12224,0.03147,,,,,
University of Padova,Italy,Europe,0.27694,,0.15243,,0.04631,0.07862,0.18223,0.06826,0.2002,,0.09054,0.09843,0.28232,0.14712,,,,,0.04343,0.04011,,,0.2523,0.03467,0.0553,,,,0.68174,0.46324,,,,,,,,,,,,0.05876,0.58864,0.11766,0.10022,,,,0.03533,0.1255,0.41263,,0.18211,,0.17898,,
University of Houston,United States,North America,0.11875,0.08749,0.20333,,0.16352,0.32062,,0.36936,0.10017,,,,,0.03305,0.0466,0.17851,0.22096,0.11978,0.12109,0.10795,0.13336,0.06782,,0.08181,0.14066,0.16789,0.08805,0.06142,0.04396,0.11211,0.0381,0.17137,0.39902,0.16678,,,,,0.26476,,0.08433,0.0252,0.14961,0.03761,0.13365,,0.0509,0.13536,,,0.0511,,,,,0.14149,
Utrecht University,Netherlands,Europe,0.20854,0.06314,,,0.16257,0.06511,0.51902,0.74467,,,,,0.08396,0.18493,,0.09791,0.15626,,,0.07132,,,0.21249,0.05792,,,,,,,0.03361,0.05559,0.18602,0.27621,,0.14657,0.05439,,0.1857,0.54554,0.28228,0.07036,,0.12605,0.16727,,,0.11427,,0.04172,,,,,,,
University of Siegen,Germany,Europe,,,,,0.11507,0.26642,0.11845,0.04939,,,,,,,0.44444,0.43732,0.45052,0.28784,0.19737,0.15509,,,,0.17183,0.11392,0.24509,0.32621,,,0.11039,0.18214,0.17315,0.11049,,,,,,,0.11071,,0.09266,0.17265,0.27811,0.05773,,,,,,,0.07704,,,0.13111,,
University of Essex,United Kingdom,Europe,0.19032,0.26243,0.25564,0.58541,0.19339,0.28211,0.40991,0.12535,,0.04523,,,0.04639,,,,,,,,0.0436,,,,,0.0731,0.06254,,,,,,,,0.28462,0.39317,0.11203,0.43082,,0.41655,,,0.1642,,,,,,,,,,0.47741,,,,
IIT Hyderabad,India,Asia,0.08662,,0.12064,0.04444,0.0978,0.35726,0.13334,0.33129,,,,,0.12438,0.23098,0.16177,0.17446,0.28065,0.09024,0.14402,0.09885,0.07318,0.08227,,,,0.10182,0.19312,0.14948,0.09445,,,0.18228,0.06348,,0.103,,0.05439,0.13799,0.05308,0.12037,0.07579,,0.04479,0.23357,0.10022,,,,,,,,,,0.26222,0.19172,
Durham University,United Kingdom,Europe,0.08662,0.13333,0.12064,0.13221,0.08976,0.11792,0.34128,0.43846,0.1435,,,,0.04639,0.26426,,0.14895,0.09635,0.08632,0.14201,0.22957,,,0.20826,,0.45283,0.10182,0.01,,,,,0.0382,0.17264,0.10556,,,0.16287,,,0.06019,0.05917,0.04235,,0.14379,0.03317,,,,0.06637,,0.02642,0.13805,,,0.13111,0.06403,0.15434
Queensland Univ. of Technology,Australia,Australasia,0.24634,,0.16204,0.08637,,0.24869,0.11845,0.10249,,,,,,0.04088,0.06488,0.29279,0.40091,0.21304,0.44758,0.3717,,0.04056,0.04195,,,0.16211,0.26534,0.33146,,,,0.06658,0.04569,,,,0.57407,,0.10552,,,0.13518,0.02924,0.14042,0.04822,,,,,,,,,,,,
University of Guelph,Canada,North America,0.06592,0.23125,,0.2388,0.16257,0.11847,0.21062,0.1884,,,,,,,0.09321,0.14544,0.25673,0.19832,0.17913,0.18204,0.09448,,,,,0.17401,0.33135,0.11696,0.09445,0.17053,0.20904,0.048,0.08012,,0.14819,,0.22406,,0.10552,0.11071,,0.07036,0.24555,0.143,0.05773,,,,,,,,,,,,
Bauhaus University Weimar,Germany,Europe,0.05283,0.051,0.08577,,,,0.07727,,0.17696,0.10191,0.21554,0.26188,0.32221,0.20729,,,,,,0.09885,0.137,0.06782,0.10656,0.11481,0.18587,,,,0.09445,,,0.1003,,,0.103,,0.28703,,,,,,0.06302,,,,0.19951,0.11964,0.18657,0.2035,0.36414,0.424,0.17293,,,0.07746,
Friedrich Schiller University Jena,Germany,Europe,,0.08233,0.12064,,,0.18272,0.34917,0.31601,,0.24713,0.10132,,0.10698,,0.07066,,0.07341,0.04999,0.1371,,0.0597,0.06782,0.05155,,0.04459,,0.18763,,,,,,0.01439,0.0784,,,0.11203,,0.26476,,,,0.08007,0.10135,0.173,,0.12206,0.16519,0.24456,0.12925,0.4034,0.41398,,,,0.07746,
Birkbeck University of London,United Kingdom,Europe,0.2879,0.22214,0.35883,0.1772,0.03448,0.25338,0.37294,0.13651,,,,,,0.04918,0.04017,,,,0.06054,,,,,,,0.0731,,,0.0388,,,0.04245,,0.27787,0.37805,0.1011,0.28703,,0.52953,0.23801,,,,0.05861,,,,0.04081,,0.05151,,0.06249,0.42334,,,,0.01653
University of Strathclyde,United Kingdom,Europe,,0.06314,,,,0.03931,,,,,0.10132,,,0.07301,,,,,,,,,0.1443,0.06767,0.08717,,,,,,,0.08397,,,0.05581,,,,,,,,,,,0.06922,0.2757,0.30722,0.62066,0.70515,0.61662,0.84587,0.38065,,,,
IIT Patna,India,Asia,,0.13849,0.10371,0.18945,,0.10785,0.08943,0.26958,0.05105,,0.19363,0.27946,0.22276,0.25098,,,,,,,,,0.46283,0.35406,0.40506,,,,,,,,,,,,0.029,0.32704,,0.26411,0.10731,,0.06302,0.05861,,,0.06123,0.08636,0.20905,0.13911,,,,,,,0.03568
University of Wollongong,Australia,Australasia,0.04379,0.24286,0.27306,0.13025,0.39578,0.27032,0.10912,0.14205,,,,0.12064,,,0.15202,0.163,0.16653,0.13903,0.05042,0.03161,0.13336,,,,0.0553,0.18781,0.18162,0.11216,,,0.05203,0.18876,0.09864,0.27621,0.28462,,,,,,,0.20335,,,0.09643,,,0.17273,,,,,,,,,
University of Calgary,Canada,North America,0.24736,0.04262,0.2058,0.04444,0.13524,0.04525,0.33391,0.17521,,,,0.06532,0.17638,0.12994,0.21252,0.13682,0.10208,0.03816,0.19068,0.14446,,0.05784,0.10413,,,0.19629,0.14502,0.13746,0.27796,0.09661,0.05203,0.0382,0.16417,,,0.09848,,,,0.06019,,0.05673,0.02924,0.11029,0.14188,,0.04334,0.04762,0.055,0.05836,,,,,,,0.05678
Hanyang University,South Korea,Asia,,0.08233,0.08577,0.18945,0.08976,0.25331,0.3068,0.23216,,,,,,,0.1216,0.10303,0.12687,0.21805,0.11919,0.18158,,0.10512,,,0.1587,0.21646,0.11587,0.27152,,0.06045,,0.06658,,,,,,,0.10552,,0.13679,,,0.07374,0.04822,,0.23918,,0.08283,0.09739,,0.14204,0.23923,,0.17594,,
University of Catania,Italy,Europe,,,,,,0.13022,0.02,0.24052,,,,,,0.02,,0.26766,0.1559,0.65195,0.38485,0.69017,,,0.02,,0.20858,0.20365,0.41154,0.52487,,,,0.0643,,,,,,,,,,,0.10446,0.23296,0.10073,,,,,,,,,,,,
University of Twente,Netherlands,Europe,,0.11736,0.06666,0.08109,0.19984,0.14881,0.15425,0.62328,,,,,0.052,0.14602,,0.09791,0.11484,0.13542,0.27209,,0.03098,,,0.14494,0.07385,0.17199,,0.10914,,,,0.04245,,,,,0.35359,,0.34494,0.08629,,,0.04479,0.10135,0.25818,,0.06123,,,0.09739,,,0.09676,,,0.12769,0.07136
University of South Carolina,United States,North America,0.1244,0.4228,0.08577,0.11055,0.04631,0.09081,0.2055,0.18808,0.07643,,0.08048,,,,0.10989,0.19497,0.07191,0.14718,0.11656,,,0.08227,0.04618,0.08181,0.1141,0.07912,0.29472,0.16671,,,,0.19318,0.05295,,0.05581,,,,0.06415,0.26411,,0.0532,0.03518,0.18653,0.29563,,,,,0.04172,,0.10005,0.03632,,,,0.08881
MUST,Macau,Asia,0.01,,0.17521,0.04444,0.2227,0.19524,0.21413,0.26498,,,,,0.11136,0.04918,0.04017,0.15231,0.19123,0.4243,0.31305,0.20373,0.07318,,,,0.0553,0.15554,0.11475,0.34613,,,,,0.06689,,,0.40364,0.08417,,,0.08629,,,0.11525,0.11648,0.16999,,,,,,,,,,,,
Qatar University,Qatar,Asia,0.03718,,0.06666,,,0.06511,0.06824,,0.1435,0.29205,0.21705,0.28759,0.17979,0.14249,0.03547,0.03455,0.03648,0.06672,,,0.36215,0.32772,0.33552,0.09792,0.16323,0.06423,0.06614,,,,0.06369,0.107,0.04037,,,,,,,0.05238,,0.0532,,0.03761,0.0643,,0.13059,,0.19169,0.29105,0.14926,,0.05078,,0.06886,,
University of Athens,Greece,Europe,0.06592,,0.12064,0.12335,0.12809,0.20045,0.14747,0.15416,,,,,0.11295,,,,,,,,,,0.10413,,,,,,0.36005,0.4356,0.15701,0.31536,0.26479,,,,0.16287,,,,,0.18641,0.31137,0.29658,0.60524,,,,,,,,,,0.13111,,
University of Bern,Switzerland,Europe,0.34671,0.2029,0.2058,0.28373,0.29431,0.32819,0.08601,0.06826,,,,,,,0.27983,0.14467,0.23948,0.19326,0.23251,0.16329,,,,,,0.27757,0.0789,0.10177,0.13302,0.13522,,,0.11049,,,,,,,,,,0.18719,0.12011,,,0.14301,,,,,,,,,,
IIT Jodhpur,India,Asia,0.10566,0.06314,0.30365,0.3504,,0.08343,0.13647,0.28596,,,0.02424,,0.08396,0.11616,0.45459,0.16594,0.24846,0.10305,0.19622,0.05624,,,0.04618,0.08181,0.18628,,0.09204,0.16504,,,,,0.06348,,,0.31133,,0.2038,0.08997,0.15527,,0.04235,0.08007,,,,,,,,,,,,,,
Charles University,Czech Republic,Europe,0.08662,0.10499,0.21092,0.0661,0.34594,0.27,0.28456,0.09598,0.10017,0.33307,,,0.33115,0.15542,,,,,,,0.03098,,,,0.21731,,,,,,0.05203,0.06658,0.08347,,0.01,,0.08417,0.05054,0.85844,0.03215,0.08866,0.04235,0.05223,0.10766,,,0.09984,,,,,,,,,,
NAIST,Japan,Asia,0.24577,0.17703,0.2064,0.08637,,0.0837,0.10623,0.08749,0.1435,0.52669,0.06555,0.22129,0.14898,0.13478,,,,0.05989,,0.04313,0.14061,0.15462,0.24288,0.16362,0.2304,,,,,0.06045,,,,,0.16561,,0.28703,,,,,0.12357,,0.07374,0.05773,,0.04334,0.06871,0.09419,,,,,,,,
Brigham Young University,United States,North America,0.26613,0.03181,0.24127,0.12335,0.10324,0.25381,0.18669,0.25069,,,0.34619,0.16943,0.25596,,,,,0.03434,0.05042,0.03161,0.22831,,0.20289,0.14805,0.08918,0.0731,0.03585,0.08871,,,,0.0382,0.04569,0.64632,,,,0.05656,,,,,,,0.04165,,,,,,0.17658,,,,,,
Georgia State University,United States,North America,,0.15458,0.05458,0.08637,,0.11761,0.19769,0.37998,,,0.06555,0.0939,,0.11192,,0.09791,0.13856,0.11942,,0.2159,,,,,,,0.24417,0.30772,0.09445,0.07413,,,0.06348,,,0.17727,0.37121,,0.08018,,0.64407,0.0532,,0.11723,0.15416,,,,,,,,,,,,
Texas Tech University,United States,North America,0.08662,0.18049,0.09488,,0.29431,0.17408,0.10271,0.39391,,0.10191,,,,,,,,,,0.10314,0.09448,0.06782,0.15031,,,,,,,,,0.096,,,0.0741,0.11946,,,,0.28457,0.1857,0.04235,,,0.09366,,0.13269,,0.28669,0.09739,0.04384,0.07704,,0.53547,0.13111,,0.14188
NYU Shanghai,China,Asia,0.05283,0.08233,,,0.05548,0.15969,0.20557,0.239,,,,,0.05936,0.07301,,0.07047,,0.04999,0.05042,0.0467,,,,0.11819,0.06314,,,,,,0.332,0.1727,0.35096,,,,,,0.06415,0.54669,,0.03486,0.27132,0.1814,0.26377,,,,0.06637,0.12571,0.04384,0.1796,,,0.04231,0.0542,0.12436
University of Kansas,United States,North America,,0.08233,,0.19829,0.09508,0.04525,0.19086,0.35327,,,0.04468,0.02098,0.10217,,0.07066,0.05543,0.20478,0.04316,0.06707,0.30143,,0.09191,0.14658,0.09076,0.19329,,,0.07831,,0.05101,0.04817,0.12486,0.18356,,,,,,0.11723,0.45544,0.07579,,0.05931,0.15746,0.21548,,,,,0.01,,,0.07581,,,0.07746,
Illinois Institute of Technology,United States,North America,,0.08233,,0.20971,0.17825,0.14795,0.25895,0.34974,,,0.05599,0.06532,0.08396,0.20001,,0.07047,0.10163,0.08152,0.18233,0.19809,,,,,0.01191,,,,,,0.12021,0.17315,0.11049,,,0.09231,0.06655,,,0.26411,0.08866,0.04235,0.05223,0.08518,0.15532,,,,,,,,,,0.36484,0.06403,0.10625
McMaster University,Canada,North America,0.05283,,0.16077,0.04444,0.06876,0.07851,0.19445,0.16751,,,,,,,0.03547,0.10845,,,,0.07132,,,0.08212,,0.0553,0.08992,,0.03797,0.09445,0.27045,0.07621,0.36633,0.31685,,,,0.28703,,,,,0.45049,0.44915,0.11402,0.35287,,,,,,,,,,,,
Trinity College Dublin,Ireland,Europe,,0.051,0.04624,0.13221,0.235,0.0837,0.15425,0.30056,0.07643,0.07818,0.25243,,0.22054,0.18428,,,0.14971,,0.04343,,0.21712,0.25196,,0.02231,0.06885,0.13045,,0.06142,,,,0.03215,0.06348,,0.20601,,,,0.10552,,,0.0532,0.1323,,0.01768,,,,,,0.48592,,,,0.13111,,
University of Auckland,New Zealand,Australasia,0.08662,,0.17521,,0.225,0.46226,0.4066,0.26911,,0.25101,0.11788,,0.13881,0.27302,,0.09791,,,,0.04011,,,,,0.0553,,,,0.13302,0.23162,,,,,,,,,,0.13103,0.07579,,,,0.18732,,,,,0.25099,0.18491,,0.07581,,,,0.06817
University of A Coruña,Spain,Europe,0.08662,0.23471,,0.27272,,,,,,0.10191,0.10132,,0.37311,0.45585,,,,,,0.1977,0.13336,0.38217,0.10413,0.18142,0.56722,,,,,,,,,,,,,,,,,,,0.23445,,,,,0.15636,0.17679,,0.17709,,,,,
Florida International University,United States,North America,,,0.08577,,0.12809,0.13705,0.09847,0.21125,,,,,,,0.05665,,,,0.04343,0.09635,,,,0.20302,,0.07912,,0.04336,0.05994,0.10543,,0.2313,0.16344,,,,,0.15258,,0.68163,0.50728,,0.1742,0.07857,0.25246,,,,,,,,0.25455,,,0.06403,
University of Wroclaw,Poland,Europe,0.38063,0.2539,0.1879,0.10657,0.45158,,0.05699,0.2528,,,,0.07699,,0.07301,,0.08184,,0.04999,,,0.0597,0.1224,,,,,,0.05074,,0.11211,0.08211,,0.05295,0.3008,,0.07328,0.11203,,0.26476,,0.27359,,0.05223,0.22218,0.1294,,,,,,,,,,,,
NTUA,Greece,Europe,0.15819,,,0.18635,0.20842,0.16739,0.28825,,,,,0.12064,,0.14308,0.07066,,0.12687,0.17614,0.06054,0.05624,0.09448,,0.20826,0.05078,0.08938,0.05736,0.04507,0.17056,0.09445,0.07413,,0.13026,0.1436,0.27621,,,,,,0.05238,,0.28594,0.11119,0.12605,,,,,,,,,,,,,
Tata Inst. of Fundamental Research,India,Asia,,0.11736,0.2979,0.15714,0.30762,0.17547,0.31805,0.18638,,,,,,,0.04017,0.07047,0.08794,0.10305,,,,,,,,,,,,,0.17942,,,,,0.16147,0.05439,0.15846,0.41654,,,0.0532,0.18788,0.40762,0.26666,,,,,,,,,,,,
University of Düsseldorf,Germany,Europe,,0.26159,0.10213,0.17273,0.16769,0.03477,0.10501,0.10084,0.21969,0.18658,0.08048,0.18556,0.25596,0.09849,,,,,,,0.09732,0.08339,0.20034,0.04533,0.17394,,,,,,,,,,0.08272,0.09231,0.28703,,0.06415,,,0.07036,,0.05727,0.04822,,0.07059,0.13866,0.07181,0.15554,,,,,,,
Queen’s University,Canada,North America,0.13145,,0.34378,,0.14524,,0.05699,0.05709,0.10925,,0.22745,0.06532,0.0694,0.06261,,,,0.10409,0.06054,,0.21138,0.15462,0.28511,0.08181,0.25973,,0.0789,0.07831,,,,,0.11049,,,0.06016,,0.27636,,,,,,,,0.08203,0.09984,0.14048,,0.19284,,0.06249,,,0.08319,,
University of Fribourg,Switzerland,Europe,,,0.14034,0.05329,0.24887,0.31159,0.30268,0.06826,,,0.10132,,0.10698,,,,,,,,,0.10512,0.10413,,,,,,0.07331,0.07413,0.05203,0.11569,0.27712,,,0.05055,,,,,,0.10641,0.1642,0.242,0.14487,,,,0.08283,0.09739,0.09246,,,0.17515,0.08319,0.12769,0.14188
University of Cagliari,Italy,Europe,0.15819,0.13565,0.15603,0.15629,0.04631,,0.2174,0.05709,,,,,0.10401,,0.16322,,,0.10942,0.05042,,,,,,,,0.01,0.07594,0.23843,0.15777,0.1413,,0.04569,0.10556,,,,0.1019,,0.06019,,0.11938,0.07868,0.26053,0.06635,,,0.25909,,0.07961,0.17658,0.10515,0.15163,,,,
UiT The Arctic Univ. of Norway,Norway,Europe,,,,0.12335,0.13627,0.18122,0.21003,0.29226,,,0.1413,,,,0.20339,0.08998,0.18702,0.04316,0.34564,,,,0.04618,0.11481,,,,0.22998,0.09445,,,0.0382,0.16024,,,,0.16287,,,0.17258,0.04891,,0.22644,0.05861,,,,,,,,,,,,0.04669,
University of Exeter,United Kingdom,Europe,0.08662,0.02811,0.15183,,0.27418,0.20764,0.08601,0.12195,0.06141,0.11797,,,0.0694,0.15651,0.19509,0.04592,0.04817,0.07554,0.07655,,,,,0.10415,0.11392,0.09927,0.0789,0.10628,,,0.12737,0.08397,,,,0.38317,,,,,,,,0.04244,0.10962,,,,,,,,,,,,0.30076
Colorado State University,United States,North America,0.36017,0.31013,0.15243,0.08637,0.08976,0.12894,0.15767,0.32757,,,,0.0939,,,,0.13776,0.11591,,,,,,0.08212,0.14494,0.20629,,,,,0.07413,,,0.11049,0.34108,,,,,0.06415,,,,0.04479,0.12369,0.19388,,,,,,,,,,,,
University of Salzburg,Austria,Europe,0.08662,,0.06666,0.08637,0.06876,,0.09945,0.20477,,,,0.15398,,,,0.05543,0.05795,0.05989,0.07655,,,0.14683,,,,0.17207,0.12509,,,0.14826,0.15974,0.33292,0.4586,,,,0.24704,,0.08018,,,0.10167,,0.18653,0.14844,,,,,,,,,,,,
Ecole Normale Superieure de Lyon,France,Europe,0.06592,0.06314,0.2058,0.12335,,0.162,0.06824,0.29606,,,,,0.13881,0.21903,0.05592,0.09791,,,0.06054,,,,,,,0.13942,,0.06142,0.07331,,,0.11569,0.12696,0.27621,,,,0.27636,,0.08629,,,0.11119,0.10135,0.23415,,,,0.08283,,,,0.06136,,,,
University of Hawaii at Manoa,United States,North America,,,,,0.06876,0.14795,0.076,0.12136,0.1435,,,0.02073,0.13255,0.17828,0.08066,0.07047,0.08285,0.07117,0.22409,0.28693,,,,0.11846,0.19144,,0.11431,0.05074,0.18374,,,0.03215,,,,,,,0.05308,0.01946,0.32204,0.07036,,0.32244,0.0643,,,,,,,,,,,0.03202,
Loughborough University,United Kingdom,Europe,0.1244,0.26035,0.07991,0.10407,0.17585,0.19534,0.1343,,0.03116,,0.01751,0.01771,,0.05577,,0.03455,,0.05989,,,0.01299,0.01771,,,0.02005,,,0.03797,,0.07413,,,,0.06122,0.35366,,0.08417,0.31737,0.23059,0.2944,,0.04235,,0.2274,,,,,,,0.18859,,,,,,
University of Potsdam,Germany,Europe,0.06592,,0.08577,0.1127,0.08976,,0.11845,,0.04346,0.43498,,0.2784,0.08396,0.15542,,,,,0.10578,0.07132,,,0.1443,0.28987,0.07385,0.14619,,,,0.16989,,,,0.27621,0.05581,,0.1382,,0.08018,,,0.10641,,0.11723,,,,,,,,,,,,,
Florida Atlantic University,United States,North America,0.06592,0.16835,,,0.18855,0.05336,0.22116,0.09925,,,,,,,,0.07047,,,,,,,,,,,,,,,,,0.12443,,0.46623,0.07328,,0.27636,0.52953,0.26411,0.1906,0.0847,0.08007,0.19944,,,,,,,,,,,,0.07746,
Yangzhou University,China,Asia,0.09805,0.051,0.05458,0.21315,0.05548,,,0.26506,0.03767,,,0.03216,0.09156,0.3178,,,,0.14314,0.05042,0.13401,,0.10342,,,0.04931,,0.09126,0.30351,,,,,0.06683,0.27621,,,,,,,,0.04235,0.05223,,0.07443,,0.11376,0.02193,,,0.14592,0.06249,,,,0.07746,0.19867
Kyung Hee University,South Korea,Asia,,,0.06666,,,0.20131,0.1815,0.26506,,,,,0.08396,0.08809,0.05592,0.18251,0.13137,0.16012,0.32422,0.2879,,,0.06819,,,0.05736,0.14144,0.28833,,,,,0.05295,,,,,,0.26476,,,0.0532,0.04479,,0.19755,,,,,,,,,,,,
University of Salerno,Italy,Europe,0.08662,0.16466,0.17153,,,,0.06824,0.11812,,,,,,,,,,,,,,,,,0.08938,,,,,,,,0.2872,,,0.12238,0.43361,0.07413,,1.25256,,,0.11119,0.14748,,,,,,,,,,,,,0.06817
Universidad de los Andes,Colombia,South America,,0.06314,,0.03797,0.10949,0.06511,0.01,0.2225,,,,,,0.01,0.09321,0.20053,0.17471,0.17502,0.25223,0.31875,,,0.01,,0.04077,0.13115,0.18581,0.22384,,0.09576,0.08211,0.03215,0.05295,0.1568,0.0741,,,,,,,0.12568,0.05223,0.16084,0.02794,,,,,,,,,,,,
Syracuse University,United States,North America,0.19633,0.13565,0.20911,0.2001,0.20857,0.04525,0.03303,0.06826,,,,,,,,,0.08528,,,0.05624,,,,,0.03761,0.08106,0.03585,0.03797,,0.17178,,0.09062,,,,,,0.1019,,0.52823,,0.261,0.03934,0.17983,0.05773,,,,,,,,0.19032,,0.08319,,
NTNU,Norway,Europe,,,0.12064,,,0.18726,,0.04375,,,,0.06532,,0.11192,,,0.13812,0.07554,,0.10952,,0.05054,,,,0.0731,,,,,,,0.07547,,,0.31133,0.46204,0.27636,,0.08629,,0.07036,0.13902,,0.10962,,0.0509,0.27946,0.21136,0.07961,,,,,,,
DGIST,South Korea,Asia,,0.051,,,0.29453,0.10671,0.22902,0.20403,,,,0.06532,,0.07301,,0.14467,0.15852,0.27964,0.33505,0.159,,,,,0.06314,0.10182,0.14045,0.21828,,,,,0.16223,,,,,,,,,,,,0.04822,,0.07619,,0.08283,,,0.10005,,,,,
Western University,Canada,North America,,0.051,,0.08637,0.04631,0.0986,0.04924,0.09653,,,,,0.14898,,0.11083,,,0.04316,,0.17794,0.07318,,,,,,0.0789,0.03797,,0.09576,0.1261,0.08397,0.11049,0.0784,,,,,,,0.37094,0.21913,0.21909,0.14839,0.1476,0.21182,,0.11427,0.06637,,,,,,,,
Uppsala University,Sweden,Europe,,,0.12064,0.15986,0.04631,0.10671,,0.03329,,,,,,,0.01882,,0.02534,0.3255,0.24357,0.23022,,,,,,0.02415,0.02805,0.18216,0.05994,0.07413,0.12737,0.19422,0.19002,,,,,,0.04498,,,0.24088,0.15191,0.12857,0.25161,,,,,,,,0.0427,,,,
University of Kent,United Kingdom,Europe,,0.06314,,,0.2217,0.07684,,0.12004,,,,0.09748,0.16239,,0.0219,0.07926,0.05424,0.12304,0.10747,0.02636,,,,0.13436,0.20212,0.03783,0.15493,0.07831,,0.04731,0.06977,0.10224,0.07359,,,,0.11203,,,,0.64407,0.01358,0.04187,0.1504,,,,,,,0.02368,,,,,,
Masaryk University,Czech Republic,Europe,,,0.12064,,0.425,,0.32922,0.24347,,,0.07941,,,0.31083,,,0.05795,,,,,,,,0.1587,,,,,,0.06369,,0.03311,,,0.12238,,0.30569,,0.3504,,,0.06302,,0.03028,,,,,,,,0.33795,,,,
EURECOM,France,Europe,,0.10745,0.08577,0.10657,0.11096,0.04525,,0.21573,0.03767,,,0.04511,,0.07301,,0.19583,,,0.10578,,0.09448,0.14683,,0.08181,0.28499,0.02415,,,,0.16989,0.08211,0.11118,0.06348,,,,,,,,,0.0532,0.15598,0.19571,0.0833,,,,0.03533,,0.03811,,,,0.25776,,
GIST,South Korea,Asia,,0.11736,,0.17017,0.06876,0.03931,0.21874,0.16909,,,,,,,0.09969,0.07047,0.11484,,0.12697,0.26612,,,,,0.1587,0.05736,0.0522,0.25818,,0.07413,,,0.11049,,0.28462,,,,,0.26411,,,0.03934,0.10135,0.14279,,,,,,,,,,,,
University of Nottingham,United Kingdom,Europe,0.1244,0.19969,,,,,0.05572,0.15473,,,,,0.02477,,,,0.03648,,0.05042,0.07306,,0.21025,,,0.17875,,0.10874,0.09724,,,,0.08397,,,0.28011,0.09231,0.28703,,0.0388,0.08629,0.32204,0.0532,,,0.07277,,,,0.06637,0.06734,0.07362,0.10374,,,0.0493,,
UFMG,Brazil,South America,,,,0.0661,0.04631,0.13705,0.05699,0.13529,0.05105,0.04523,0.06555,,,,,,0.04817,,0.03132,,,,,0.13535,0.11392,,,0.08478,0.10142,,,0.06658,0.17397,,0.0741,,,,,,,0.06973,,,0.04822,,0.14301,,0.40815,0.20288,,0.14204,0.12272,,0.13111,0.2873,
IIT Gandhinagar,India,Asia,,,0.08577,,0.23114,0.13705,0.35194,,,,,,,0.11192,,0.09791,,,,0.12348,,,,,0.07385,0.0731,,0.07831,0.15073,,0.15701,0.05559,,0.23959,,,,0.1019,,,,,0.14426,0.07374,0.10022,,,,,,,,0.14567,,0.25776,0.18384,
TU Clausthal,Germany,Europe,0.34811,0.28524,0.06666,0.24121,0.21785,0.06511,0.12451,0.06826,,,,,,0.06261,,,,,,,,,,,,,,,,,0.24989,,,,0.04319,0.07328,0.37898,0.27636,,0.11071,,,0.32215,,,,,,,,,,,,,,
University of Nevada,United States,North America,,,0.06666,0.14361,0.32755,0.10785,0.04924,0.21123,,,,0.16943,,,0.13917,0.08184,,0.07554,0.10397,0.19943,,,,,,0.08793,0.15173,0.04336,0.05071,,,,0.04037,,0.32731,0.06016,0.11203,,0.15178,0.05238,,0.04235,,,,,,,,,,,,,0.04231,,
West Virginia University,United States,North America,,0.06314,0.04013,0.11939,0.05548,0.19351,0.14904,0.09266,,,,,,,0.10989,0.23641,0.15271,0.14637,0.19905,0.11802,,,,,,0.15077,0.25248,0.06142,,,,0.09062,,,,,,,,0.26411,,0.07036,0.10781,0.0976,0.04822,,,,,,,,,,,,
University of Lübeck,Germany,Europe,,0.08233,0.2064,,0.2217,0.39493,,0.17182,,,,,,,,,0.12687,0.10409,0.07655,0.0467,,,,,,0.05736,,,0.09445,,,,0.12696,,,,0.08417,0.1019,,,0.32204,0.07036,0.11119,0.31717,0.07277,,,,,,,,,,,,
Universidad de Chile,Chile,South America,,0.11736,,0.08637,,0.04525,0.06824,0.14557,,,,,,,,,,,,,,,0.20826,,,,,,0.05071,,0.08211,0.06658,0.247,,,,,,,,0.32204,0.0532,,0.0976,0.16927,,,,,,,0.44218,0.12988,,,0.25538,0.18819
VISTEC,Thailand,Asia,,0.06314,,0.0661,,0.162,,0.19681,,,,,,,,0.23198,0.13856,0.14147,0.16349,0.1848,,,,,,0.05736,0.10874,0.25141,0.07331,,,,0.06348,,,,,,,,0.32204,,0.06302,0.13236,0.2587,,,,,,0.09246,,,,,,
UAEU,United Arab Emirates,Asia,0.30006,0.1632,0.18288,0.08637,,,0.126,0.09266,,,,,0.01365,0.04088,0.19011,0.23559,0.13296,0.01,0.075,,,,,,0.0931,0.15856,0.15627,0.10914,,,,,,0.06122,,,,,0.26476,,,0.15502,0.10223,,,,,,,,,,,,,,
Carleton University,Canada,North America,0.34106,0.24553,0.10915,0.0661,0.12809,0.16739,0.13647,0.17301,0.06141,,,,,,0.19509,,,,,,,,,,,,,,,0.23162,0.05203,0.11569,,,,,,0.1019,0.10552,0.11071,,,0.11119,0.10135,,,,,,,,,0.09676,,,,0.06817
University of Cincinnati,United States,North America,,,,0.05618,0.18954,0.0312,0.05699,0.31972,0.1435,0.05281,0.04899,0.16943,0.02268,,0.03187,0.07725,0.02534,0.05989,,0.03529,,0.14683,,,0.214,,0.03585,,,,,,,,,,,0.02879,,0.26411,,0.11869,0.18719,0.06781,0.04822,,,,,,,,,,,0.09692,0.06817
Chalmers/GU,Sweden,Europe,0.30328,,,0.08637,0.0396,0.16739,,0.08591,,0.06317,,,,0.19323,,,,,,0.01825,,,,0.03755,0.13397,,,0.06142,,,,,0.05295,,0.14819,0.20247,,,,,,0.14072,,,0.02794,,,,,,,,0.19353,,0.17594,0.25835,0.20691
University of Konstanz,Germany,Europe,,0.36757,0.06666,0.0661,,0.03477,0.06824,0.2152,,,,,,,0.07066,,,0.15715,,0.14264,,,,,,,0.19798,0.17403,,0.07413,0.15974,0.23452,0.11049,,,0.12238,,,0.08018,,,,,0.10135,0.10022,,,,,,,,,,,,
University of Texas at San Antonio,United States,North America,,,0.04624,,,0.14299,0.04924,0.1763,,,,,0.04639,0.05499,,0.065,,,,0.07132,,,0.06819,0.12105,0.11153,0.0731,,,0.05994,0.02618,0.11887,0.10221,0.02658,0.31026,,,,,,,,0.01922,,,,,0.14301,,0.4359,,,,,,0.25776,,
University of Augsburg,Germany,Europe,,0.08233,0.06666,,0.14568,0.13318,0.18175,0.18638,,,0.05599,,,0.03781,,,0.07341,,,0.0467,0.0436,0.12659,,,0.11864,,,0.08939,,,0.08211,,0.06348,,,0.09231,0.08417,0.2673,0.10295,0.26411,,,0.05223,0.11723,,,,,,,,,,,,,
University of Memphis,United States,North America,0.13145,0.051,,0.05329,,,0.09945,0.24225,,,,,,,0.05592,,0.10613,0.08815,0.12179,0.12756,,,,,,,0.09126,0.07831,,,,,,,,,,,0.32891,,0.32204,0.09556,0.04479,0.08518,0.04165,,,,,,,,0.19032,,,,0.08372
University of Tartu,Estonia,Europe,,,0.04624,0.14032,0.23114,,0.24124,,,0.14522,0.05599,0.05678,0.1131,0.16056,,,,,,,,,0.08147,0.05799,0.18611,,0.04507,,0.09445,0.11607,0.04399,0.03215,0.04569,,,,,,0.26476,,,0.11605,0.04479,0.04244,0.06964,,,,,,,,,,,,
University of Bergen,Norway,Europe,,0.24699,0.25396,0.32648,0.2243,,0.18669,0.25185,,,,,,,,,,,0.07655,0.07132,,,,0.06767,,,0.06254,,0.14662,,,,0.12696,,0.06792,0.16125,,,,0.11071,0.04891,,,,,,,,,,,,,,,,
University of Ulm,Germany,Europe,0.15254,0.06314,0.51241,,0.06876,0.0837,0.06824,0.33129,,,,,,,0.08179,,,,0.15781,0.03529,,,,,,,,0.12905,0.05994,,0.05203,,0.13926,0.23959,,,0.08417,0.1019,,,,,,0.03392,0.03028,,,,,,,,,,,,
Hacettepe University,Turkey,Europe,,0.12628,,0.28064,,,,,0.20034,0.28009,,,,,,,0.03648,,0.26691,,,,,,,,0.10874,0.10914,,,,,,,,0.09231,,,,,0.32204,,0.0319,,,,0.39903,,,,,0.15408,,,,,
UCCS,United States,North America,0.05283,,,,0.12809,0.06511,,0.03944,,,,,,,0.21416,0.27237,0.26579,0.25046,,0.05624,0.09448,,,,,0.17199,,0.3244,,,0.11573,,,0.06122,,,,,,,,,,0.10135,,,,,,,,,0.19032,,,,
University of Ioannina,Greece,Europe,0.08662,0.18049,0.06666,0.12335,,0.0837,,0.16594,,,,,,,,,,,,,,,,,,,,,,0.09576,,0.09711,,,0.38762,,,,,,0.50728,,,,0.10022,,,0.11427,,0.17679,,,,,0.17594,,
University of Antwerp,Belgium,Europe,,,,,,0.16121,0.17545,0.07898,,,,,0.10698,,,0.03935,,,,,,0.08227,,0.08181,,,,,,,0.19786,0.34609,0.17051,0.10556,,,,,,,,,0.08007,0.13069,0.14844,,,,,0.1255,,0.1796,0.0427,,,0.07746,
University of the Witwatersrand,South Africa,Africa,0.08662,,,0.13221,0.26929,,0.05699,0.08591,,,,0.12064,,,,,,,0.18778,,,,,,0.07385,,,,,0.28727,0.08211,0.42165,,,0.103,,,,0.10552,,,0.07036,,,,,,,,,,0.20009,,,,,
Middle East Technical University,Turkey,Europe,,0.14869,0.08577,0.08637,0.13752,0.0837,0.16769,0.11764,,,,,,,0.20339,0.07047,,0.19175,0.05042,0.08681,,,,,,0.13533,0.18763,,,,0.08211,0.08397,,,,,,,,,,0.14127,0.06302,0.04244,0.11546,,,,,,,,,,,,
Paderborn University,Germany,Europe,0.05283,,,,,,0.06824,0.03604,0.2002,,,,,0.07301,0.08063,,,,,,,,,,0.07385,,,,,,,0.06658,,,,,,0.04444,0.26476,0.08629,0.26103,0.07036,0.11119,0.04904,0.05773,,,,0.055,,0.06062,0.06249,0.26297,,,0.22461,
Koç University,Turkey,Europe,0.06592,0.09963,,0.19361,,,0.14301,,0.10017,0.30382,,,,,,,,0.07554,0.20637,0.16871,,0.08227,,,,,0.19999,0.17056,,,,,,,,,,,,,,,0.11603,0.05861,,,0.19951,,,,,0.07704,,,,,
Keio University,Japan,Asia,,,,,,,0.22249,0.24619,,,,,,0.20001,,0.30221,,,0.09384,0.20784,,,,,,0.17492,0.17904,0.3749,,0.06045,,,,,,,,,,,0.07579,,0.05223,0.04904,,,,,,,,,,,,,
University of Magdeburg,Germany,Europe,,0.08749,0.0756,0.21367,0.06876,0.03931,0.03922,0.07214,,,,,,,0.08496,,,0.03133,,,,0.21025,0.06819,,,,0.0327,,,0.05101,0.02719,0.11312,0.22053,,,,0.03334,,,,,0.0532,0.03518,0.07857,0.03028,,,0.33989,,0.07961,0.09246,,,,,,0.04809
University of New Mexico,United States,North America,,,0.18004,0.16327,0.18357,0.0283,0.10746,0.27812,0.06141,,,,,,0.09754,,0.19877,0.18164,,,,0.04496,,0.08181,,,0.12244,,0.04396,,,,,,,,,,,,,,0.08007,0.07374,,,,,,,,,0.24439,,,0.03202,
IMSc,India,Asia,,,0.12064,0.22503,0.12809,0.25079,0.17545,,,,,,,,,,,,,,,,,,,,,,0.14662,,0.06369,,,0.27621,,0.34863,,0.13799,,0.08629,0.10731,0.0532,0.06302,,,,,,,,,,,,,,
Brno University of Technology,Czech Republic,Europe,0.20454,0.08233,0.20042,0.07594,,,0.11399,,,,0.08449,,0.0694,0.07301,,,0.04817,,0.07655,,0.1194,0.14683,,,,0.0731,0.01,,,,0.10406,0.19422,0.04569,,,,,,,,,,0.10446,0.09809,0.09643,,,,,,,,0.15163,,,,
University of Innsbruck,Austria,Europe,0.08662,,,0.05329,0.12809,0.04525,,,0.16338,,,0.06532,,0.07301,0.08179,,0.04817,,,,0.0597,,0.10413,0.06767,0.11392,,,,,,,,0.1436,,,,,,,,,,,0.12279,,,0.06123,0.08636,,0.06734,0.18673,0.1796,,,0.10276,0.12769,
University of Texas - El Paso,United States,North America,0.19166,0.05646,0.23177,0.05329,0.05548,0.11761,0.08601,0.03604,,,,,,0.1611,,,,,0.1824,,,,,0.03467,,,,,,,,,,0.22795,0.103,,0.06655,,,0.26411,,,,,,,,,,,,,,,,0.07746,0.18819
Freie Universitaet Berlin,Germany,Europe,,,,,0.15853,0.0837,,0.05709,,,,,,,,,,0.07554,0.10578,0.07132,,,,,,,,0.05074,0.16775,,0.05203,0.08397,0.20925,,,,,,0.26476,,,0.17204,0.08007,0.27576,0.20632,,,,,,,,,,,,
Max Planck Society,Germany,Europe,0.05283,0.06314,,,0.08976,,0.12386,0.06273,,0.06317,0.14876,0.07022,0.10309,0.21505,,0.05543,,,0.07655,,,0.08227,0.15742,0.19468,0.24969,0.05736,,0.03797,,,0.05203,0.0382,,,,,,,,,,,,,,,,,,,0.11367,,,,,,
University of Rhode Island,United States,North America,,0.04262,,,,0.18726,0.15425,0.07596,,0.07818,0.07941,,,,,0.12246,0.12159,0.08737,0.04343,,,,,,0.11392,0.04053,0.25084,0.04336,,,,,0.08606,,,,,,0.08018,0.06019,,,0.08007,0.07374,0.173,,,,,,,,,,,,0.06817
Boğaziçi University,Turkey,Europe,,,,,0.23645,,,0.09785,0.07643,,,,0.0169,0.17912,0.12471,0.0691,,,,,,,,0.22674,,0.13732,0.04507,,,,0.05203,,0.14144,,,,0.10525,,,,,0.07693,0.06302,0.04244,0.16727,,0.08651,,,0.05836,,,0.05078,,,,
Universidade NOVA de Lisboa,Portugal,Europe,0.31638,0.11736,,,,0.2959,,0.11812,,,,,,,,,,,,,,,,,,,,,,,,,,,,,0.57407,0.15258,,,0.13679,,,0.10135,,,,0.23184,,,,,,,,,
University of Sussex,United Kingdom,Europe,0.19032,0.48068,,,,,,0.06826,,0.20382,,,,0.15542,,,,,,,0.09448,0.10512,,0.10415,,,,,,0.09576,,0.10349,,,,,,,,,,0.0532,0.14309,0.14191,,,,,0.06637,,,,,,,,
University of Tulsa,United States,North America,0.1244,,0.12064,,,,,,0.02635,,,0.30703,0.25157,0.26166,,,,,,,0.09448,0.2487,,,,,,,0.13302,,,,,0.15513,,,0.11203,,,,,,,,0.16727,,,,,,,,,,,,
Istanbul Technical University,Turkey,Europe,0.02492,0.03978,0.01661,0.05329,0.08976,0.0283,0.08601,,0.16833,0.25101,0.10132,0.02386,0.02367,0.04459,0.08179,0.05543,0.04142,0.02889,,,0.11185,,0.12858,,,,0.13543,0.07831,,,,,,,,,,0.1019,0.10552,,,,,0.07374,,,,,0.01464,0.07961,,,0.01,,,,
Augusta University,United States,North America,0.08662,0.04262,,0.08637,0.12886,0.275,0.39018,,,,0.23896,,,0.06261,,,,0.10409,,0.03529,,,,,,,,0.03385,,,,0.03215,0.05295,,,,,,0.16036,,,,,0.20575,0.06082,,,,,,,,,,,,
City University of London,United Kingdom,Europe,0.06592,,0.12064,0.12335,,,0.04356,0.18175,,,,,,,,0.1259,,,,0.04011,,,,,,,,0.10914,,0.05101,0.09088,,0.06348,,,0.38317,,,,0.15527,,0.02189,0.06302,,0.04822,,0.28989,,,,,,,,,,
Maastricht University,Netherlands,Europe,,,0.08026,,,0.0837,0.14301,0.15188,,,0.10132,0.32956,,,,,,,,,,,,0.15255,,,,,,,,0.08397,0.05295,0.12244,0.06792,,0.08417,,,0.07084,,,,0.07374,0.26101,,,,,,,0.10005,,,,,
University of Luxembourg,Luxembourg,Europe,,,0.06666,,0.19813,,0.06824,0.1043,,,,,,,,,,,0.05042,,,,,,,,,,,,,,0.10385,,,,,,0.10552,0.11071,0.10731,,,,,,0.24846,0.25195,,,,0.28658,0.25439,,,,
University at Albany - SUNY,United States,North America,,,0.08577,,0.0978,0.09081,0.38387,,,,,,0.03541,,,0.09791,0.04817,0.07554,,0.08982,,,0.08212,,,0.0474,,0.06142,,,0.04399,,0.11049,,,,,,,,0.05917,0.01922,,,0.09938,,0.09984,0.05653,0.055,,0.17658,0.03948,,,,,
University of Koblenz-Landau,Germany,Europe,,,,,,0.0837,0.08601,0.25784,,,,,,,0.07066,0.10502,0.07341,,,0.07132,,,,,,0.17199,,,,,,,,,0.15576,,,,0.3524,0.32244,0.1906,,,,,,,,,,,,,,,,
University of Missouri,United States,North America,,,,,0.08976,0.06511,,0.11764,,,0.22071,,,0.04918,,0.09791,0.05795,,,0.14795,0.13336,0.14683,,0.10415,0.06314,0.21939,,,0.09445,,,,0.15172,,,,,,,,,,0.11119,,0.04822,,,,,,,,,,,,
USP,Brazil,South America,0.08662,,0.02882,0.13221,0.06876,0.22711,0.17203,,,,,,,,0.02674,,,,0.05042,0.0467,,,,,,,0.0789,,0.07331,,,,,0.19947,,0.40493,,,,,0.32204,,,,,,,,,,,,,,,,
City University of Macau,Macau,Asia,,,0.06666,,0.03044,,0.08503,0.17521,0.06141,,,,,0.22371,,0.06734,0.0896,0.04999,0.09482,0.04011,0.0597,,,,0.06314,0.0474,0.12475,0.0953,,,,,0.05295,,,,,,0.26476,,,,,,0.16163,,,,,,,,,,,,0.03568
New Mexico State University,United States,North America,0.40053,0.23471,,0.21593,0.19685,,0.06824,,,,,,,,,,,,,,,,,,,,,,,,,,,0.10556,,0.09231,,0.2038,,0.17258,,,,,,,,,,0.17679,,,,,,,
University of Victoria,Canada,North America,,,,,0.06876,,0.09945,0.1043,,,,,,,0.07066,,,0.11974,0.12521,0.0467,,,,0.20831,,0.04053,0.0522,0.08458,,,0.0381,0.13956,,,,,,,0.10552,,,,0.28759,0.16878,0.07277,,,,,,,,,,,,
Sharif University of Technology,Iran,Asia,,,0.08391,0.10168,0.08976,0.06511,0.04924,,,0.07818,,,,0.12328,,,0.02534,,0.07655,0.05797,,,,,,0.02415,0.02805,,0.09445,,,0.13317,0.08347,0.16209,,0.07328,,,,0.07084,0.13679,0.08333,,0.10135,,,,,,,,,0.07581,,,,
Université libre de Bruxelles,Belgium,Europe,,0.23102,0.2064,,0.225,0.16286,0.05699,0.143,,,,,,,,,,,,,,,,,,,,,0.07331,,,0.06658,,,,0.12238,0.46204,,,,,,,0.04244,,,,,,,,,,,,,
ISI Kolkata,India,Asia,0.02492,0.051,,,0.06876,0.10442,0.03303,0.255,,,,,,,0.01972,0.10805,,0.15408,0.06054,0.09785,,,0.08212,,,0.13942,,0.02796,,,,,,,,,,,,,,,0.1642,0.18623,,,0.19969,,,,,,,,,,
DePaul University,United States,North America,,0.06314,,0.08637,,0.06511,0.19914,0.18244,,,,,,,,,,,,,,,,,,,,,,0.07413,,,0.06348,,,,,,,0.52823,,,0.06302,,,,,,0.10886,0.07961,,,0.12988,,,,0.08372
Colorado School of Mines,United States,North America,0.14174,0.18115,0.21069,0.09125,0.05548,,0.03303,0.04939,,,,,,,,0.04592,,0.03816,0.06753,0.04011,,,,,,0.08793,0.0522,0.22021,,,0.03006,,,0.10556,0.04319,,0.06655,,,,,,,,,,,0.05653,,,,,,,,0.09692,
University of Nebraska,United States,North America,,0.06314,0.13664,0.13965,,0.18819,,0.143,,,0.06555,,,,,,,,0.04343,,,0.06782,,,,,,,,,,,,,,,,,0.26476,0.07084,0.29791,,0.06302,0.05861,0.10022,,,,,,,,,,,,
Univ. of Missouri - Kansas City,United States,North America,,0.06314,,0.13221,0.04631,0.09774,0.05699,0.22917,,,,,,0.11192,,0.04592,,0.05989,,0.04011,,,,,0.18415,,,0.19055,,0.07413,,0.10903,,,,,,,,0.11071,,,,0.10135,0.03685,,,,,,,,,,,,
IIT Indore,India,Asia,,,,,,,0.10055,0.09925,,,0.10132,,0.25157,0.1429,,,,,,,,0.10512,,0.24454,0.11392,,,,,,,,0.05295,,,,,,,,,,,,,,,,,0.07961,0.30933,0.06249,,,,,
Utah State University,United States,North America,,0.14869,0.06666,0.0661,0.06876,0.06511,0.04924,0.42645,,,,,0.08396,,,,,,,0.08273,,,,,,,,,,,0.05203,,0.05295,,,,,,,,,0.0532,,0.04904,0.04165,,0.18163,,,,,,,,,,0.17442
USP-ICMC,Brazil,South America,0.34106,0.10576,,0.03302,0.05548,,0.05699,,,,,,,,,,0.04817,,0.06054,,,,,,0.08918,0.0474,,,0.05994,,,,,,0.28462,,,,,0.04643,,,,0.23341,0.03685,,,0.08636,,,,0.07704,,,,,
Humboldt University of Berlin,Germany,Europe,0.08662,,0.12064,,,,,0.19634,0.07643,0.06317,0.07941,0.12064,0.14898,,,,,,,0.04011,0.09448,,,,,,0.04507,,0.07331,,0.06369,,,,,0.31133,,,,,,0.0532,0.06302,,,,,,,,,,,,,,
University of Passau,Germany,Europe,0.15819,,,,0.03448,,,0.15236,0.10017,0.06317,,,0.0694,0.15542,,,,,,,0.07318,,,,0.21731,,,,0.07331,,,,,0.0784,0.04319,,,,,,,,,,0.04822,,,,,,,0.24459,0.09676,,,,
IPI PAN,Poland,Europe,0.1244,,,,,0.0837,0.08601,0.16594,0.02,,0.0362,0.12064,,,,,,,0.07655,0.04011,,,,,,,,,,,,,0.11049,0.23959,,0.07328,,0.27636,0.10552,,,,,,,,,,,,,,,,,,
IIT Roorkee,India,Asia,,,0.12064,0.05329,0.10564,0.09774,0.05699,0.09925,,,,,,0.08809,,,,,,,,,,,,,,,0.09445,,,,,,,,,0.27636,0.26476,,,,,0.04904,0.04822,,,,,,,,0.12988,,,,
University of Otago,New Zealand,Australasia,,,0.08577,,,,,0.13651,,,,,,,,,,,,,0.09448,,0.08212,,,,0.0789,,,,,,,0.0784,,,,,,,,,,,,0.03461,0.16921,0.10648,0.25896,,,0.34154,,,,,
Boston College,United States,North America,,,,,,0.14591,0.08601,0.10155,,0.10191,,0.05678,,,0.09754,0.11656,0.02102,0.03434,0.03831,,0.0504,,,,,,,0.10495,,,,0.19966,,,,,,,,,,0.12968,0.08007,,0.10022,,,,,,,,,,,,
Tilburg University,Netherlands,Europe,,,,,,0.06511,,0.25463,0.18225,0.29045,,,0.08396,,,,,,,,,,0.2886,0.08181,,,,,,,,,,,,,,,,0.08629,,,0.12604,,,,,,,,,,,,,,
CWI,Netherlands,Europe,,0.12628,0.15243,,0.06876,,,,,,,,,,,,,,0.07655,,,,,,,,,,,,,0.14407,0.11049,0.27621,,,0.11203,,,,0.07579,,0.11699,,0.10022,,,,,,,,,,,0.09692,
Saint Louis University,United States,North America,,,,,,,0.06824,,,0.07818,,0.0939,,,,,,,0.07655,0.09885,,,,,,0.0731,,0.04336,0.18889,,0.14581,0.11569,0.11049,,,,,,,,,0.07036,0.08007,0.10135,0.10022,,,,,,,,,,,,
University of Erlangen–Nuremberg,Germany,Europe,,,0.10021,0.07842,0.12809,0.03931,0.11845,,,,,,,0.04459,0.08179,0.16743,0.0851,,,0.04011,,,,0.10415,,0.0474,,,,0.03883,,,,,,0.14512,,,,0.11071,,,,0.04244,,,,0.05653,,,,0.01,,,,,
University of Kiel,Germany,Europe,,0.23939,,,,,0.08601,0.03604,,,,,,,,0.02799,,0.05989,0.07238,0.11475,,,,,,,0.10874,0.20615,,,,,0.03311,,,0.31133,,,0.10552,,,,0.03518,,,,,,,,,,,,,,
Boise State University,United States,North America,,,0.05458,,0.08976,,,,,,,,0.04196,,,0.05543,,0.04316,0.04343,,,,0.1443,0.24454,,,,0.04336,,,,0.048,0.10917,,,,,0.1019,,,0.32204,,,,0.07277,,,,,,,,,,,,
National Cheng Kung University,Taiwan,Asia,,,,,,,,0.09925,0.1435,,,,,0.12328,,,0.03648,0.03816,0.03831,,,,0.1443,,0.1587,,,,,,,,,,,,,,,,0.32204,,,0.07374,0.03685,,,,,0.19284,,,,,,,
University of Bremen,Germany,Europe,,,,,,,0.23348,0.27568,,0.07818,,0.12064,,,,,,0.05989,0.06054,0.05624,,,,,,,,0.06142,,,0.12201,0.048,,,,,,0.07413,,0.08629,,,0.06302,,0.04165,,,,,,,,,,,,
TU Braunschweig,Germany,Europe,0.05283,,,,,,,,,,,,0.10698,,0.09754,0.1707,0.04817,0.07402,0.05042,,,,,,,0.0474,,,,,0.05203,,,,,,,,,,,,,0.10135,,,,,,,,,,,0.13111,0.36176,0.08372
BUET,Bangladesh,Asia,,,,,,,,,,,0.08728,,0.16633,0.29122,,,,,,,,0.16454,0.13948,0.09066,0.30169,,,,,,,,0.07262,,,,0.05439,,,,,,,,,,,,,,,,,,,,
Bielefeld University,Germany,Europe,,,,0.18635,,,,0.20578,0.07643,,,,,0.15542,,,,,,,0.16813,,0.06819,0.14494,0.08938,,,,,,,0.05559,,,,,,,,,0.07579,,,,0.07277,,,,,,0.06062,,,,,,
Missouri S&T,United States,North America,,,,,,,,0.11812,,,,,,,,,,,,,,,,0.10415,,0.0355,0.21146,,,,,,,,0.05581,,,,,,,,,,,,,0.16519,,0.17679,0.12224,0.2676,,,,0.09692,
PUC-RIO,Brazil,South America,0.06592,,,0.24669,0.06876,0.13022,0.08601,,,,,,,,,,,,,,,,,,,,,,0.19875,,0.11573,,,0.0784,,,,,,,,,0.12604,0.07374,0.14555,,,,,,,,0.01537,,,,
UFRGS,Brazil,South America,,,,,,,,,,,,0.0939,,,,,,,,,,,,,0.11392,,,0.07831,,0.05101,0.02719,0.04245,,0.10556,0.28462,0.12238,,,,,0.08866,,0.04479,0.11618,0.16368,,,,,,,,,,,,
University of Vermont,United States,North America,,,0.15183,,,0.05336,,0.08591,,,,,,0.03781,,,,0.07554,0.07655,,,,0.06819,0.10415,0.11392,,0.03984,0.05074,,,,0.08397,0.06348,,,,0.0387,,,0.07084,,0.10793,,,0.04165,,,,,,,,,,,,0.06817
BITS Pilani-Goa,India,Asia,0.08662,,,0.08637,,0.13022,0.03303,0.10769,0.10017,,,,0.10698,0.02286,,0.07047,,,,0.08324,,,0.04618,0.10415,0.0884,,0.01,,,,,,,,,,0.029,,,,,,,0.05861,,,,,0.07832,0.04172,,,,,,,0.03568
University of Duisburg-Essen,Germany,Europe,,,,,,,0.08601,0.05709,0.10017,,0.1413,,0.14898,,,0.07047,,,,,0.19959,,,,0.08938,,,,0.04396,,,,,,,0.07328,,,,,,,,,,,,0.04762,0.04669,,,0.20037,,,,,
Texas State University,United States,North America,,0.11959,0.10081,,,0.05336,,,,0.14522,0.07941,,,0.08809,,,,0.04999,,,0.09448,0.06782,0.08212,,,,0.12244,,,,,,,,,,,,,,,,0.06302,,,,,,0.06637,,,0.05244,,,,,0.10625
Chung-Ang University,South Korea,Asia,,0.06314,,,,,,0.13578,0.07643,,0.05599,,,0.20164,,,,0.04999,,,,0.06782,,0.10662,0.17524,,,,,,,,,,,,,,,0.26411,,,,0.04904,,,,,,,,0.04509,,,,,
IMDEA Software Institute,Spain,Europe,,,0.2467,,,0.123,0.18223,,,,,,,,0.07066,,,,,,,,,,,,,,0.13302,,0.12201,,0.06348,,,,,,,,,0.04235,0.16897,0.05861,0.07277,,,,,,,,,,,,
GSSI,Italy,Europe,0.08662,0.14869,0.1938,,0.13752,,,0.08591,,,,,,,,,,,,,,,,,,,,,,,,,,0.43134,,,,,0.0388,0.11071,,0.04235,,,,,,,,,,,,,,,
American University of Beirut,Lebanon,Asia,,0.08233,,,0.02717,,,,,,,,,,,,,,,,,,,,,,,0.04336,,,,0.03215,,,0.46623,,,,,,,,0.08007,,,,,,,,,,,,0.39334,0.12769,
University of Bamberg,Germany,Europe,,,,,,0.18272,,0.08591,0.1435,,0.06555,,0.10698,,,,,,,,0.13336,,0.1443,,0.11392,,,,,,,,,,,,,,,,,,,,,,,,,,,,,,0.25776,,
TeIAS,Iran,Asia,,,0.08391,0.10168,0.08976,0.06511,0.05699,,,,,,,,,,,,,,,,,,,,,,,,,0.06658,0.06348,0.16209,,0.07328,,,,0.07084,0.13679,0.08333,,0.10135,,,,,,,,,0.07581,,,,
University of Regina,Canada,North America,,,,0.08637,,0.30124,0.05699,,,0.04523,,,,,,,,,,,,,,,,,,,,,,,,,,,,,,0.07084,,0.0532,0.08007,,,,0.35958,,0.15636,,,,,,,,
Özyeğin University,Turkey,Europe,,,0.24127,0.3727,,,0.17203,,,,,,,,0.14131,,,,,,,,,,,,,,,,0.08211,,,,,,0.05439,,,,,0.14072,,,,,,,,,,,,,,,
Cleveland State University,United States,North America,,0.13677,,0.08071,0.0396,,,0.0505,,,,,0.02024,0.0221,,,,,,0.10603,,,,,,,,,,0.04411,,,0.03311,,,,,,,,0.64407,0.0252,,,,,,,,,,,,,,,
Western Sydney University,Australia,Australasia,,0.3834,,0.05329,,,0.16769,0.09266,,,,,,,0.1216,0.03935,,0.04316,,,0.09448,,,,,,,0.10479,,,,0.048,0.04569,,,,,,,,,,,,,,,,,,,,,,,,
Universidad Nacional de Córdoba,Argentina,South America,,0.102,,0.0661,,,,,,,,,0.02729,0.08176,,,,,,,,,,0.20286,0.07809,0.0731,,,0.09445,,,,,0.10556,,,,,,0.26411,,,,,,,,,,,0.09246,,,,,,
Université de Sherbrooke,Canada,North America,0.1244,0.102,,,0.04631,,,0.25784,,,,,,,0.04017,0.09791,0.07933,0.10409,,0.14264,,,,,,,,,,,,,,,,,,,0.10552,,,,0.08007,,,,,,,,,,,,,,
University of St Andrews,United Kingdom,Europe,,0.11736,,0.12335,,0.33153,,0.25069,,,,,0.14898,0.11192,,,,0.05989,0.03132,,,,,,,,,,,,,,,,,,,,,,,,,,,,,,,,,,,,,,
Université du Québec à Montréal,Canada,North America,,,,,,0.23522,0.13647,,0.1435,,,,,,,,,,,,0.07318,,,,,,,,,,,0.12161,0.03631,,,0.17727,,,,,,0.07036,0.09609,,0.07277,,,,,,,,,,,,
Goethe University Frankfurt,Germany,Europe,,0.051,0.04624,,,0.06511,,,,0.14522,,,,,0.09754,,0.04817,0.03816,0.04343,,,,,,,,0.0807,0.10914,0.09445,0.05101,,,0.05295,,,,,,,,,0.10167,0.08007,0.03761,,,,,,,,,,,,,
Ecole Normale Superieure de Rennes,France,Europe,,0.2029,0.08577,,,,0.04924,0.11812,,,,,,,,,,,,,,,,,,,,,,,,,,0.19947,,,,,0.08018,0.32244,,,,,,,0.07619,,,,,,,,,,
University of Malaya,Malaysia,Asia,,,,,,0.0837,0.11845,,,,,,,,0.13273,0.12246,,0.05989,0.12179,0.08273,,,,,,,0.04507,,,,0.14581,,,,,,,,,,,0.11605,,0.04244,,,,,,,,,0.06136,,,,
Kansas State University,United States,North America,,,0.05458,,,,,0.06826,,,,0.07699,0.10698,0.11192,,,,,,,,0.06782,,,,,,,,,0.02719,,,0.33742,,,,,,,,,,,,,,,,,,,,,,0.19432,0.08372
Louisiana State University,United States,North America,,,,0.0661,0.03044,0.11761,,,,,,0.0939,,0.07301,,,,0.02688,0.03831,0.02871,,,,,,,,0.03385,,,,,,,,,0.28703,,,,,0.12357,,0.12487,,,,,,,,0.07704,,,,,
Kempelen Institute - KInIT,Slovakia,Europe,,,,,,,,,,,,0.22297,0.39623,0.31037,,,,,,,,,,,0.17954,,,,,,,,,,,,,,,,,,,,,,,,,,,,,,,,
TU Ilmenau,Germany,Europe,,,,,,,0.08601,,,,,,,,0.09754,,0.22931,,,,,,,,,0.08106,0.10874,,,,,0.19318,,,,,,,,,,0.04235,,,0.14188,,,0.11427,,,,,,,,,
PUC-RS,Brazil,South America,,0.21504,,0.08637,,0.0837,,,0.10017,,0.10132,,,,0.05592,0.05543,,,,,0.07318,,,,,,,0.03385,,,,,,,,0.12238,0.08417,,,,,,,,,,0.07619,,,,,,,,,,
Oakland University,United States,North America,,,,,,,0.20447,,,,,,0.05936,0.05499,,,,0.03133,0.04343,0.0467,0.09448,,,,,0.0731,,,0.09445,,,0.05559,,,,,,,,,,,,0.11723,0.04822,,,,,,,0.07704,,,,,0.08372
University of Nebraska - Omaha,United States,North America,,,0.12064,0.12335,0.12809,0.05336,0.11845,,,,,,,,,,,,,,,,,,,,,,,,,,,,,,0.16287,,0.26476,,,,,,,,,,,,,,,,,0.0542,
University of New Brunswick,Canada,North America,0.05283,0.11736,0.05458,,,,,,,0.20191,0.10132,,0.10698,0.04459,,,,,,,,0.10512,,0.05078,,,,,,,,0.06658,,,,,,,,,,,0.06302,,,,,,,,,,,,,0.04669,
Ecole Normale Superieure de Cachan,France,Europe,,0.08233,,0.12335,0.31146,0.13022,,0.06826,,,,,,,,,,,,,,,,,,,,,,,,,,,,0.12238,,0.1019,,,,,,,,,,,0.055,,,,,,,,
University of Mainz,Germany,Europe,0.28823,,,,,,,,,,,,,,,,0.13856,,,,,,,,,0.04053,0.04507,0.06142,,,0.0381,,0.06348,,,,,0.07413,,,,0.07036,,0.05861,0.10022,,,,,,,,,,,,
Kent State University,United States,North America,,,0.15769,,0.20682,0.0837,0.05699,0.04375,,,,,,0.11192,,0.03935,,,,,,,0.05859,,,,,,0.05994,,,,,,,,,,,,,,,0.05861,,,,,,0.06734,,,,,,,
Toronto Metropolitan University,Canada,North America,,0.19969,,,,,,,,,,,,,,,0.10163,,,0.07132,,,,,,0.0355,0.10874,,,,,,,,,,,,,,0.32204,,,0.10135,,,,,,,,,,,,,
University of Dundee,United Kingdom,Europe,,,,,,,,,0.1435,,0.06555,,0.05936,,0.09754,,,0.10409,0.10578,,,,0.18024,,0.06314,,0.10874,,,,,,,,,,,,,,,,,,,,,,,,,,,,,,
Virginia Commonwealth University,United States,North America,,,0.08577,,,,,,,,,,,,,,,,,,,,,,,,,,0.21992,,,0.11459,,,,,,0.07413,,,,,0.16014,,,,,,,,,,0.07581,,0.17594,,
University of Bayreuth,Germany,Europe,,,0.05458,,,,0.187,0.16029,,,,,,0.07301,,,,,,,,,,0.01403,,,,,,,,,,,,,,,,,,,0.05223,0.07374,,,,,,,,,0.19032,,,,0.10025
Mississippi State University,United States,North America,0.08662,,0.08577,0.12335,,0.0837,0.08601,0.08591,,,,,,,,,,,,,,,,,,,,,,,,,,0.15513,,0.12238,,,,,,0.07036,,,,,,,,,,,,,,,
Henan University,China,Asia,0.04379,,,,0.03044,,0.17447,,,,,,,,,,,,0.0344,,,,,,0.07385,0.04053,,,,,,,,,,,,,,,0.32204,,,,0.04165,,,0.04762,,,,,,,0.0493,0.04077,
Claremont Graduate University,United States,North America,,,,,,0.06511,0.03303,,,,,,,,0.04017,,,,0.07027,,,,,,,,,0.07169,,,,0.08952,0.11049,,,,,,,0.26411,,,,,,,0.06123,,,,,,,,,,0.08372
University of Saskatchewan,Canada,North America,,,,,0.01,0.0283,0.03303,,,0.01177,,,,0.04264,,0.03468,0.02733,,0.03845,0.02636,,,,,,,0.03016,0.02796,0.03144,0.0983,0.08288,0.01794,0.04051,,,,,,,,,,0.1412,0.13661,0.02794,,,,,,,,,,,,
THWS,Germany,Europe,,,,,,,,,,,0.14876,,,,0.07066,0.07047,0.07341,,,,0.07318,0.06782,,,,,,,,0.17053,,0.08397,,,,,,,,,,,,0.12605,,,,,,,,,,,,,
University of Regensburg,Germany,Europe,,0.04262,,0.08637,,,0.05699,,,,,,,,0.07066,,0.07341,,,,,,,0.04533,,0.0731,,,,,,,0.04569,,,0.17727,,,,,,0.04235,,,0.04822,,,,,,,,0.06136,,0.05792,,
University of Massachusetts Boston,United States,North America,,,,,0.11507,0.03477,0.03303,0.07722,,,,0.0939,0.04639,0.20409,,,,0.04316,,,,,,,0.04459,,,,,,,,0.03631,,,,,,,,,,,,,,0.07619,,,,,,0.07581,,,,
University of Oldenburg,Germany,Europe,0.08662,,,0.05329,0.02717,,,0.03329,,,,,,,,,,,,,0.07318,,,,0.11392,,,,,,,0.09804,0.03052,,,,,0.15258,,,0.04193,0.07036,,0.05861,,,,,,,,,,,,,0.03568
University of Miami,United States,North America,,,0.2064,,0.17825,,,,,,,,,0.15542,,,,,,,,,,0.24454,,,,,,,0.04399,,,,,,,,,,,,,,,,,,,,,,,,,,
University of Oklahoma,United States,North America,,,0.04013,,,,,0.08931,,,,,0.07489,,,,0.07341,,,,,,,0.06767,,,,,0.09445,,,,,0.15513,,,,,,,,0.07036,0.08413,0.07374,,,,,,,,,,,,,
University of Louisville,United States,North America,0.04379,,,,,,,0.09266,,,,,0.14898,,0.0466,0.04592,,,,,,,,,,,,0.03797,,,,,,,,,,,,,0.32204,,,,,,0.07619,,,,,,,,,,
Aberystwyth University,United Kingdom,Europe,,0.23471,,0.08888,,,,,,,,,,,0.07093,,0.07297,0.1766,,,,,,,,,,0.04336,,,,,,,,,,,,,,,,,,,,0.11427,,,,,,,,,
Bilkent University,Turkey,Europe,,0.06314,0.08577,,,,0.08601,,,,,,,,0.06235,0.06254,,0.13422,0.17715,,,,,,,,,0.10914,,,,,,,,,,,,,,,,,,,,,,,,,,,,,
University of Manitoba,Canada,North America,,,,,,0.04525,,,,,,,0.0694,,,0.09791,0.12687,,,,,,,,,,0.15958,0.03797,,,0.11573,,0.08012,,,,,,,,,,,,,,,,,,,0.04509,,,,,
OHSU,United States,North America,,,,,,,,,,,0.23896,,,0.1429,,,,,,,0.13336,,0.1443,,,,,,,,,,,,,,,,,,,,,,,,,0.04081,0.06637,,,,,,,,
Maynooth University,Ireland,Europe,,0.08233,,0.08637,,,,,,,,,0.05936,,0.05592,0.05543,,0.05989,,,,,,0.05792,,,,,,,,,,,,,,,,,,,,,,,,,,,0.17658,,,,0.13111,,
IIT Mandi,India,Asia,,0.14869,,0.08637,0.08976,,0.05699,0.08591,,,,,,,,,0.05795,,,,0.07318,,,,,0.0731,,,,,,,,,,,,,,,,,,,0.07277,,,,,,,,,,,,
Baylor University,United States,North America,0.1244,,0.12064,,,0.04525,,0.11812,,,,,,,,,,,0.06054,,,,,,,,,,,,,,,,,,,,,,,,0.04479,0.19475,,,,,,,,,,,,,
University of Southern Mississippi,United States,North America,,,0.2058,,,,,,,,,,0.08396,,,,,,,,,,,,0.08938,,,,,,,,,,,,0.11203,,,,,,,,,,,0.08636,,,,0.10207,,,,,
University of Delhi,India,Asia,,0.02512,0.03179,,,,,0.06826,,,,,0.16826,0.12522,,,,,,,,,,,,,,,,,,0.01,0.03052,,,,,,,0.11071,,,0.06778,,0.02794,,,,,,,,,,,,
Polytechnic Univ. of Catalonia,Spain,Europe,,,,0.15986,,,,,,,,,,,,0.03088,,0.03434,,,,0.04496,,,,,,,,,0.10411,,0.04569,0.06122,,,,,,,,,,0.09475,0.07277,,,,,,,,,,,,
Cyprus University of Technology,Cyprus,Europe,,,,,,0.04525,,,,,,,,,,,,,,,0.06576,,,0.04103,,,,,,0.06045,,0.03486,,,,,,,,,,,,0.10135,,,0.07619,,,,,,0.09676,,0.08319,,
University of Trier,Germany,Europe,,,,,,,,0.08749,,,,,0.10698,,,,,,,,,,,,,,,,,,,,,,,,,,,,,,,,,,,0.16519,0.15636,,,,,,,0.07746,
IIT Bhilai,India,Asia,,,,0.0661,,,0.06824,,,0.07818,0.07941,,,,,,,,,,,0.08227,0.08212,0.08181,,,,,,,,,,,,,,,,,,,,,,,,,0.055,,,,,,,,
Kyungpook National University,South Korea,Asia,,,,,,,0.03303,0.05709,,,,,,,0.05592,,,,0.21365,0.11143,,,,,,,,0.05074,,,,,,,,,,,,,,,,,,,,,,,,,,,,,0.06817
CMI,India,Asia,,,,0.12433,0.05548,,,0.05709,,,,,,,,,,,,,,,,,,,,,,,,,,,0.03396,0.23637,,,,,,,,0.05861,,,,,,,,,,,,,
KIIT Bhubaneswar,India,Asia,,,,,,,,,,,,,,,,,,,0.06054,0.0467,,,,,,,,,,,,,,,,,,,,,0.32204,,,0.05861,,,,,,,,,,,,0.07746,
University of Udine,Italy,Europe,,0.11736,,0.0661,,,0.11845,0.04939,,,,,,,,,,,,,,,0.10413,,,,,,,,,,,0.10556,,,,,,,,,,,,,,,,,,,,,,,
SUAT,China,Asia,,,,,0.02717,,,,,,,,,,0.08179,,,0.04316,0.04343,,,,0.08212,,,0.02618,,0.06142,,,,0.19318,,,,,,,,,,,,,,,,,,,,,,,,,
De La Salle University,Philippines,Asia,,,,,0.13752,,,,0.07643,,,,,,,0.04592,0.04817,0.08737,,,,,,,,,,,,,,,,,,,,,,0.15715,,,,,,,,,,,,,,,,,
JUST,Jordan,Asia,0.02492,0.03978,0.01661,,,0.0283,,,0.06816,,,0.02386,0.02367,0.04459,,,,,,,0.15072,,0.02445,,0.07385,,,,,,,,,,,,,,,,,,,,,,,,0.01464,,,,0.01,,,,
Brunel University London,United Kingdom,Europe,,,,,,,,0.03604,,,,0.02167,0.03837,0.17453,,,,,,0.07132,,0.06782,0.08212,,,,,,,,,,,,,,,,,,,,,0.04904,,,,,,,,,,,,,
University of Halle-Wittenberg,Germany,Europe,,,,,,,,,,0.10191,0.10132,,,,,,,,,,,,,,,,,,,,,,,,,,,,,,,,,,,,,,,,,,,,0.17594,,0.14188
Monash University Indonesia,Indonesia,Asia,0.04379,0.05693,0.01177,,,,0.05699,,,,,,,0.02286,,,,,,0.04313,,,,,0.06948,,0.03984,0.02579,,,0.03361,0.05559,,,,,,,,,,,,0.05861,,,,,,,,,,,,,
Michigan Technological University,United States,North America,,,,,,,,,,,,,,,,,,,,0.09885,,,,,,,0.0789,,,,,,,,,0.07328,,,,0.26411,,,,,,,,,,,,,,,,,
IIT Ropar,India,Asia,,,,0.08637,,0.03477,,,,,,,,,0.05592,,,,0.03831,,,,,,,,,0.06142,0.07331,,0.16422,,,,,,,,,,,,,,,,,,,,,,,,,,
IMDEA Networks Institute,Spain,Europe,,,0.08577,,,,,0.03102,,,,,,,,,,,,0.02442,,0.10512,,,,,,,,,,,,,,,,,,,,,,,,,,,,,,,0.21705,,,,0.04809
The University of Alabama,United States,North America,,0.06314,,,,0.04525,,,,0.05281,,,,0.04459,,,,,,,,,0.08212,0.08181,,,,,,0.07413,,,,,,,,,,,,,,,,,,,,0.06734,,,,,,,
IUPUI,United States,North America,,0.04262,,,,,,,0.03767,,,,0.10778,0.11455,0.03187,,0.03271,,0.03831,0.03529,,,,,,,,,,,,,,,,,,,,,,0.07036,,,,,,,,,,,,,,,
Universidad Rey Juan Carlos,Spain,Europe,,,,,,,,,,,,,,,,,0.17056,,0.06054,,,,,,,,0.0789,,,,,,,,,,,,,,,,0.06302,0.07374,0.04822,,,,,,,,,,,,
UFRJ,Brazil,South America,0.08662,,,,0.09262,0.10671,,,,,,,,,,,,,,,,,,,,,,,,0.09576,,,,,,,,,,,,,,,,,,,,,,,,,,0.09692,
The Catholic University of Korea,South Korea,Asia,,,,,,,,,,,,,,,0.09754,0.09791,,,0.18233,,,,,,,0.05736,,,,,0.0381,,,,,,,,,,,,,,,,,,,,,,,,,,
University of Michigan-Dearborn,United States,North America,,,,,,0.05336,0.05699,0.03944,,,,0.05678,,,,,,,,0.0467,,,,,,,0.06254,,,,,0.05559,0.03311,,,,,,,,,,,,,,,,,,,,,,,,0.06817
Wichita State University,United States,North America,0.08662,,,,,,,,,,,,,,,,,,,,,,0.08212,,,,,,,,,,0.03631,,,,,,,0.08629,,0.07036,,,0.10022,,,,,,,,,,,,
PTIT,Vietnam,Asia,,,,,,0.06511,,0.10084,,,,,,,,,,,0.06406,0.16623,,,,,,,,0.06513,,,,,,,,,,,,,,,,,,,,,,,,,,,,,
LUMS,Pakistan,Asia,,,,,,0.05336,0.13647,,,,,,,0.04918,,,,,,,,,0.04618,,,,,,,,,,,,,,,,,,,,,,0.07277,,,,,,,,0.09676,,,,
Ashoka University,India,Asia,,,,,,,,,,,,,,,,,,,,,,,,,,,,,,,0.08211,,0.11049,,,,,,,,,0.07036,,0.07374,0.11283,,,,,,,,,,,,
University of Dhaka,Bangladesh,Asia,,,,,,,0.03922,,,,,,0.10698,0.29122,,,,,,,,,,,,,,,,,,,,,,,,,,,,,,,,,,,,,,,,,,,
BITS Pilani,India,Asia,,,,,,,0.08601,,,,,,0.16792,,,,,,,,,,,,0.06314,,,,,,,,,,,,,,,,,,,0.05861,,,,,,,,,,,,,
TOBB ETÜ,Turkey,Europe,,,,,,,,,,,,0.02271,0.02367,,,,,,,,,,0.06819,,,,,,,,,,,,,,,,,,,,,,,,0.13059,,,,0.11149,,,,0.01,,
Universidad de Zaragoza,Spain,Europe,,,,,,,,,,,,,,,,,0.14683,,0.0344,,,,,,,,,0.03385,,,,,,,,,,,,,,,,,0.14555,,,,,,,,,,,,
University of Mississippi,United States,North America,,0.051,,,,,,,,,,,,,,,,,,0.04011,,,,,,0.05736,,0.10914,,,,,,,,,,,,,,,,,,,,,,,,,,,,0.09692,
UNICAMP,Brazil,South America,,,,,,,0.03922,,,,,,,,0.09321,,,,,,,,,,,,,,,,,0.06658,0.08012,,,,,,,,,0.07036,,,,,,,,,,,,,,,
Middlesex University,United Kingdom,Europe,,0.11736,,,0.12809,,,,,,,,,,,,,,,,,,,,,,,,,,,,,,,,,0.1019,,,,,,,,,,,,,,,,,,,
Goldsmiths University of London,United Kingdom,Europe,,,,,,,,,,,,,,,,,,0.07554,,,,,,0.14494,,,0.06254,0.06142,,,,,,,,,,,,,,,,,,,,,,,,,,,,,
IIT Guwahati,India,Asia,0.1244,,,,,,,,,,,,,,,0.01,,,,,,,,,,,,,,,,,,,,,,,,,,,,,,,,,,,,0.20009,,,,,
University of Jinan,China,Asia,,,,,,,,,,,,,,0.05499,,,,,,,,,0.1443,,,,,,,,,,0.04037,,,,,0.02345,,,,,,,,,,0.06871,,,,,,,,,
Univ. of Wisconsin - Milwaukee,United States,North America,0.21666,0.08233,,,,,,,,,,,,,,,,,,,,,,,,,,,,,,,,,,,,,,,,,0.02705,,,,,,,,,,,,,,
Univ. of Louisiana - Lafayette,United States,North America,,,,,0.04631,,,0.04939,,,,,,,,,,0.15107,,0.07908,,,,,,,,,,,,,,,,,,,,,,,,,,,,,,,,,,,,,
VNU Univ. of Eng. and Tech.,Vietnam,Asia,,,,,0.03448,,,0.06826,,,,,,,,,,,,,0.0384,,,,,,,,,,,,,,,,,,,,,,,,,,,0.08636,,0.09739,,,,,,,
Northern Arizona University,United States,North America,,,,,,0.13022,,0.08591,,,,,,,,,,,,,,,,0.10415,,,,,,,,,,,,,,,,,,,,,,,,,,,,,,,,,
University of Molise,Italy,Europe,,,,,,,,0.11812,,0.05281,0.09797,,,,,,,,,,0.0504,,,,,,,,,,,,,,,,,,,,,,,,,,,,,,,,,,,,
University of Malta,Malta,Europe,,,,,,,,,0.06141,0.05281,0.06846,,0.05986,,,,,,,,,,,,0.02509,,0.04507,,,,,,,,,,,,,,,,,,,,,,,,,,,,,,
KMUTNB,Thailand,Asia,,,,,,,,,,,,,,,0.1216,,,,,,,,,,,,0.0789,,,,,,,,0.103,,,,,,,,,,,,,,,,,,,,,,
UFPE,Brazil,South America,,,0.17153,,,,,,,,,,,0.06261,,,,,,,,,,,,,,,,,,,,,,,,,,,,,,,,,,,,,,,,,,,0.06817
Tallinn University of Technology,Estonia,Europe,,,,,,,,,0.1435,,,,0.14898,,,,,,,,,,,,,,,,,,,,,,,,,,,,,,,,,,,,,,,,,,,,
Massey University,New Zealand,Australasia,,,,,,,,,,,,,,,,,,,,,,,,,,,,,,,,,,,,,,,,0.15527,0.13679,,,,,,,,,,,,,,,,
Montana State University,United States,North America,,,,,,,0.11845,,,,,,,,,,,,,,,,,,,,,,,,0.11573,0.05559,,,,,,,,,,,,,,,,,,,,,,,,,
DAIICT,India,Asia,,0.08233,,,,,,,,,,,,,,,,,,,,0.08227,,,,,,,,,,,,,0.0741,,,,,,,,0.03934,,,,,,,,,,,,,,
Masdar Institute,United Arab Emirates,Asia,,,,,0.20629,,,,,,,,,,,,,,,,,,,,,,,,0.05994,,,,,,,,,,,,,,,,,,,,,,,,,,,,
Plaksha University,India,Asia,,,,,,,,0.11812,,,,,,0.04918,,,,,,,,,,,,,,,,,,,,,,,,,,,,,,,,,,,,,,,,,,0.09692,
University of Windsor,Canada,North America,,0.08233,,,,,,,,,,,,,,,,,,,,,,,,,,,,,,,,,,,,,,,,,0.08007,0.10135,,,,,,,,,,,,,
University of Moratuwa,Sri Lanka,Asia,,,,,,,,,,,,,0.01118,0.02462,,,,,,,,0.01,0.01251,,0.11392,,,,,,,,,,,,,,,,,0.07036,,0.01069,,,,,,,,,,,,,
IPM,Iran,Asia,0.06592,,,,,,,,,,,,,,,,,0.05989,,,,,,,,,,,,,,,,0.0784,,,,,,,,,,0.04244,,,,,,,,,,,,,
Ohio University,United States,North America,,,,,0.12809,,,0.11812,,,,,,,,,,,,,,,,,,,,,,,,,,,,,,,,,,,,,,,,,,,,,,,,,
Monash University Malaysia,Malaysia,Asia,,,,,,,,,,,,,,,,,0.04142,0.09998,,,,,,0.02434,0.02626,,,,,,,,,,,,,,0.05308,,,,,,,,,,,,,,,,,,
Shiv Nadar University,India,Asia,,,,,,,,,,,,,,,,,,,,,,,,,,,,,,,,,,,,,,,,,,,,,,,,,0.10886,,,,,,0.13111,,
Old Dominion University,United States,North America,,,,,,,,0.07888,,,,,0.08396,,,,,,0.0344,,,,,,,,,0.03385,,,,,,,,,,,,,,,,,,,,,,,,,,,,,
PUCPR,Brazil,South America,,0.06314,,0.0661,,,,,,,,,,,,,,,0.03132,,,,,,,,,,,,,,,,,0.06016,,,,,,,,,,,,,,,,,,,,,
New York Tech,United States,North America,,,,,,0.06511,,,,,,0.07699,,,,,,,,0.07709,,,,,,,,,,,,,,,,,,,,,,,,,,,,,,,,,,,,,
University of Münster,Germany,Europe,,,,,,,0.04924,,,,,,,,,,,,,,,,0.06819,,,,,,,,,,0.03311,,,,,,,0.06019,,,,,,,,,,,,,,,,,
Manipal Academy of Higher Education,India,Asia,,,,,,,,,,,,,,0.03781,,,,,,,,,0.10413,,,,,,,,,,,,,,,,,,,,,,,,,,,,0.06657,,,,,,
Univ. of Massachusetts Dartmouth,United States,North America,,,,,,,,,,,,,,,,,,,,,,,0.1443,,,,,,,,,,0.06348,,,,,,,,,,,,,,,,,,,,,,,,
University of Sannio,Italy,Europe,,,,,,,,,,0.10561,,,,,,,,,,,0.10081,,,,,,,,,,,,,,,,,,,,,,,,,,,,,,,,,,,,
Southern Methodist University,United States,North America,,,,,,,,,,,,,0.14898,,,,,,,,,,,,,,,,,,,,,,,,,,,,,,,,,,,,,,,,,,,,0.05678
University of Nevada Las Vegas,United States,North America,,,,,,,,,,,,,,,,,,,,,,,,,,,,,,0.13522,,,0.05295,,,,,,,,,,,,,,,,,,,,,,,,
Izmir Institute of Technology,Turkey,Europe,,,,,,,,,,,,,,,,,,,,,,,,,,,0.10874,,,,,,,,,,,,,,,,,0.07374,,,,,,,,,,,,,
National Inst. of Tech. Silchar,India,Asia,,,,,,,,,,,,,,,,,,,,,,,,,,,,,,,,,,,,,,,,,,,,,,,,,,,,,,,0.17594,,
Stellenbosch University,South Africa,Africa,,,,,,,,,,,,,,,,,,,,,,,,,,,,,,0.09576,,,0.08012,,,,,,,,,,,,,,,,,,,,,,,,
University of Szeged,Hungary,Europe,,,,,,,0.14747,,0.01,,0.0181,,,,,,,,,,,,,,,,,,,,,,,,,,,,,,,,,,,,,,,,,,,,,,
Scuola Superiore Sant'Anna,Italy,Europe,,,,,0.11096,,,,,,,,,,,,,,,,,,,,,,,,,,,,,,,,,,,,,,,,0.05773,,,,,,,,,,,,
University of Kassel,Germany,Europe,,,,,,,,0.03329,,,,,,,,,0.07341,,0.0344,0.02442,,,,,,,,,,,,,,,,,,,,,,,,,,,,,,,,,,,,,
University of Cape Town,South Africa,Africa,,,0.06666,,0.08976,,,,,,,,,,,,,,,,,,,,,,,,,,,,,,,,,,,,,,,,,,,,,,,,,,,,
Northwest University,China,Asia,,0.07298,,,,,,,,,,,,,,,,,,0.08022,,,,,,,,,,,,,,,,,,,,,,,,,,,,,,,,,,,,,
Bundeswehr University Munich,Germany,Europe,,,,,,,,,,,,,,,,,,,,,,,,,,,,,,,,,,,,,,0.15258,,,,,,,,,,,,,,,,,,,
Mälardalen University,Sweden,Europe,,,,,,,,0.08591,,,,,,,,,,,,,,,,,,,,,,,,,,,,,,,,,,,,,,,,,0.06637,,,,,,,,
Hamburg University of Technology,Germany,Europe,,,,0.08637,,,,,,,,,,,,,,,,,,,,,,,,,,,,,,,,0.06016,,,,,,,,,,,,,,,,,,,,,
University of Canterbury,New Zealand,Australasia,,,,,,0.06511,,,,,,,,,,,,,,,,,,,,,0.0789,,,,,,,,,,,,,,,,,,,,,,,,,,,,,,
Lund University,Sweden,Europe,,,,,,,,,,,,,,,,,,,,,,,,,,,,,,,,,,,,,,,,,,,,,,,0.14301,,,,,,,,,,
University of Buenos Aires,Argentina,South America,,,,,,,,,,,0.05599,,,,,,,,,,,,,0.08181,,,,,,,,,,,,,,,,,,,,,,,,,,,,,,,,,
Mohammed VI Polytechnic University,Morocco,Africa,,,,0.05329,,,,,,,,,,,,,,,,,,,,,,,,,,,,,,,,,,,,,,,,0.03392,0.04822,,,,,,,,,,,,
Jadavpur University,India,Asia,,,,,,,,,,,,,,,,,,,,,,,,0.05792,0.07385,,,,,,,,,,,,,,,,,,,,,,,,,,,,,,,,
Florida Institute of Technology,United States,North America,,,,,,0.02591,,,,,,,,,,,,,0.02504,,,,,,,,,0.02796,,,,,,0.02111,,,,,,,,,,,0.02794,,,,,,,,,,,,
King Abdulaziz University,Saudi Arabia,Asia,,,,,,,,,,,,,,0.06261,,,,,,,,,,,0.06314,,,,,,,,,,,,,,,,,,,,,,,,,,,,,,,,
Brock University,Canada,North America,,,,,,,,,,,,,,,,,,,,,,,,,,,,,,,,,,,,,,,,,,,,0.03761,,,,0.08636,,,,,,,,,
UNC - Greensboro,United States,North America,,,0.08577,,,,,,,,,,,,,,,,,,,,,,,,,,,,,,,,,,,,,,,,,,0.03685,,,,,,,,,,,,
NISER,India,Asia,,,,,,0.06511,0.05699,,,,,,,,,,,,,,,,,,,,,,,,,,,,,,,,,,,,,,,,,,,,,,,,,,
IIT (BHU) Varanasi,India,Asia,,,,,,,,,,,,0.12064,,,,,,,,,,,,,,,,,,,,,,,,,,,,,,,,,,,,,,,,,,,,,
Queen's University,Canada,North America,,,,,,0.11761,,,,,,,,,,,,,,,,,,,,,,,,,,,,,,,,,,,,,,,,,,,,,,,,,,,
TU Chemnitz,Germany,Europe,,,,,,0.11761,,,,,,,,,,,,,,,,,,,,,,,,,,,,,,,,,,,,,,,,,,,,,,,,,,,
IIT Tirupati,India,Asia,,,,,,,,,,,,,,,,,,,,,,,,,,,,,,,0.11573,,,,,,,,,,,,,,,,,,,,,,,,,,
Jaypee Univ. of Info. Tech.,India,Asia,,,,,,,,,,,,,,,,,,,,,,,,,,,,,,,,,,,,,,,,,0.10731,,,,,,,,,,,,,,,,
UFPR,Brazil,South America,,,,,,,,,,,,,,,,0.03935,,,0.03132,,,,,,,,,,,,,,,,,,,,,,,0.02938,,,,,,,,,,,,,,,
UFF,Brazil,South America,,,,,0.04631,0.05336,,,,,,,,,,,,,,,,,,,,,,,,,,,,,,,,,,,,,,,,,,,,,,,,,,,
University of Piraeus,Greece,Europe,,,,0.08637,,,,,,,,,,,,,,,,,,,,,,,,,,,,,,,,,,,,,,,,,,,,,,,,,,,,,
Hangzhou Dianzi University,China,Asia,,,,,,,0.08601,,,,,,,,,,,,,,,,,,,,,,,,,,,,,,,,,,,,,,,,,,,,,,,,,,
IIT Dharwad,India,Asia,,,,,,,,,,,,,,,,,,,,,,,,,,,,,,,,0.08397,,,,,,,,,,,,,,,,,,,,,,,,,
University of Patras,Greece,Europe,,,,,,,,,,,,,0.08396,,,,,,,,,,,,,,,,,,,,,,,,,,,,,,,,,,,,,,,,,,,,
University of Marburg,Germany,Europe,,,,,,,,,,,,,,,0.04017,,,,,,,,,,,0.04053,,,,,,,,,,,,,,,,,,,,,,,,,,,,,,,
Memorial Univ. of Newfoundland,Canada,North America,,,,,,,,,,,,,,,,,,,,,,,,,,,,,,,,,0.08012,,,,,,,,,,,,,,,,,,,,,,,,
University of Osnabrück,Germany,Europe,,,,,,,,,,,,,,,,,,,,,,,,,,,,,,,,,,0.0784,,,,,,,,,,,,,,,,,,,,,,,
IIT Jammu,India,Asia,,,,,,,,,,,,,,,,,,,,,,,,,,,,,0.07331,,,,,,,,,,,,,,,,,,,,,,,,,,,,
IIIT Bangalore,India,Asia,,,,,,,,,,,,,,0.07301,,,,,,,,,,,,,,,,,,,,,,,,,,,,,,,,,,,,,,,,,,,
Naval Postgraduate School,United States,North America,,,,,,,,,,,,,,,0.07066,,,,,,,,,,,,,,,,,,,,,,,,,,,,,,,,,,,,,,,,,,
UFU,Brazil,South America,,,,,,,,,,,,,,,,,,,,,,,,,,,,,,,,,,,,,,,,,,,,,,,,0.06871,,,,,,,,,
Sabancı University,Turkey,Europe,,,,,,,0.06824,,,,,,,,,,,,,,,,,,,,,,,,,,,,,,,,,,,,,,,,,,,,,,,,,,
Universidade de Brasília,Brazil,South America,,,,,,,,,,,,,,,,,,,,,,,,,,,,,,,,,,,,,,,,,,,,,,,,,,,,,,,,,0.06817
Towson University,United States,North America,,,,,,,,,,,,,,,,,,,,,,0.06782,,,,,,,,,,,,,,,,,,,,,,,,,,,,,,,,,,,
University of Latvia,Latvia,Europe,,,,,,,,,,,,,,,,,,,,,,,,,,,,,,,,0.06658,,,,,,,,,,,,,,,,,,,,,,,,,
IUST,Iran,Asia,,,,,,,,,,,,,,,,,,,,,,,,,,,,,,,,,,,,,,,,,,,,0.05861,,,,,,,,,,,,,
IIT Bhubaneswar,India,Asia,,,,,,,,,,,,,,,,,,,,,,,,,0.0553,,,,,,,,,,,,,,,,,,,,,,,,,,,,,,,,
Federal University of Bahia,Brazil,South America,,,,,,,,,,,,,,,,,,,,,,,,,,,,,,,,,,,,,,,,,,0.0532,,,,,,,,,,,,,,,
University of Alabama - Birmingham,United States,North America,,,,,,,,,,,,,,,,,,,,,,,,,,,0.0522,,,,,,,,,,,,,,,,,,,,,,,,,,,,,,
Yıldız Technical University,Turkey,Europe,,,,,,,,,,,,,,,,,,,,,,,,,0.04931,,,,,,,,,,,,,,,,,,,,,,,,,,,,,,,,
Western Michigan University,United States,North America,,,,,,,,,,,,,,,,,,,,,,,,,,,,,,,,,,,,,,,,,,,,,,,0.04334,,,,,,,,,,
UFMS,Brazil,South America,,,,,,,,,,,,,,,,,,,,,,,,,,,,,,,,,,,,,,,,,,,,0.04244,,,,,,,,,,,,,
University of Colorado - Denver,United States,North America,,,,,,,,,,,,,,,,,,,,,,,,,,,,,,,,,,,,,,,,0.04173,,,,,,,,,,,,,,,,,
Brandenburg Univ. of Technology,Germany,Europe,,,,,0.0396,,,,,,,,,,,,,,,,,,,,,,,,,,,,,,,,,,,,,,,,,,,,,,,,,,,,
Shahid Beheshti University,Iran,Asia,,,,,,,,,,,,,0.0169,,,,,,,,,,,,,,,,,,,,,,,,,,,,,,,,,,,,,,,,,,,,
